x	y
-8.912435	5.0342207
-8.912435	4.807027
-8.912435	4.5799565
-8.912435	4.3528214
-8.912435	4.1256876
-8.912435	3.8985548
-8.912435	3.6714215
-8.912435	3.4442883
-8.912435	3.2171552
-8.912435	2.990022
-8.912435	2.7628887
-8.912435	2.5357556
-8.912435	2.3086224
-8.912435	2.081489
-8.912435	1.8543559
-8.912435	1.6272228
-8.912435	1.4000896
-8.912435	1.1729565
-8.912435	0.94582325
-8.912435	0.7186901
-8.912435	0.49155688
-8.912435	0.2644237
-8.912435	0.037290525
-8.912435	-0.18984266
-8.912435	-0.41697583
-8.912435	-0.6441091
-8.912435	-0.8712422
-8.912435	-1.0983754
-8.912435	-1.3255086
-8.912435	-1.5526417
-8.912435	-1.7797749
-8.912435	-2.0069082
-8.912435	-2.2340415
-8.912435	-2.4611745
-8.912435	-2.6883078
-8.912435	-2.9154408
-8.912435	-3.142574
-8.912435	-3.3697073
-8.912435	-3.5968406
-8.912435	-3.8239737
-8.912435	-4.051107
-8.912435	-4.27824
-8.912435	-4.5053754
-8.912435	-4.732446
-8.912435	-4.9596395
-8.6867695	5.0342207
-8.6867695	4.807027
-8.6867695	4.5799565
-8.6867695	4.3528214
-8.6867695	4.1256876
-8.6867695	3.8985548
-8.6867695	3.6714215
-8.6867695	3.4442883
-8.6867695	3.2171552
-8.6867695	2.990022
-8.6867695	2.7628887
-8.6867695	2.5357556
-8.6867695	2.3086224
-8.6867695	2.081489
-8.6867695	1.8543559
-8.6867695	1.6272228
-8.6867695	1.4000896
-8.6867695	1.1729565
-8.6867695	0.94582325
-8.6867695	0.7186901
-8.6867695	0.49155688
-8.6867695	0.2644237
-8.6867695	0.037290525
-8.6867695	-0.18984266
-8.6867695	-0.41697583
-8.6867695	-0.6441091
-8.6867695	-0.8712422
-8.6867695	-1.0983754
-8.6867695	-1.3255086
-8.6867695	-1.5526417
-8.6867695	-1.7797749
-8.6867695	-2.0069082
-8.6867695	-2.2340415
-8.6867695	-2.4611745
-8.6867695	-2.6883078
-8.6867695	-2.9154408
-8.6867695	-3.142574
-8.6867695	-3.3697073
-8.6867695	-3.5968406
-8.6867695	-3.8239737
-8.6867695	-4.051107
-8.6867695	-4.27824
-8.6867695	-4.5053754
-8.6867695	-4.732446
-8.6867695	-4.9596395
-8.461174	5.0342207
-8.461174	4.807027
-8.461174	4.5799565
-8.461174	4.3528214
-8.461174	4.1256876
-8.461174	3.8985548
-8.461174	3.6714215
-8.461174	3.4442883
-8.461174	3.2171552
-8.461174	2.990022
-8.461174	2.7628887
-8.461174	2.5357556
-8.461174	2.3086224
-8.461174	2.081489
-8.461174	1.8543559
-8.461174	1.6272228
-8.461174	1.4000896
-8.461174	1.1729565
-8.461174	0.94582325
-8.461174	0.7186901
-8.461174	0.49155688
-8.461174	0.2644237
-8.461174	0.037290525
-8.461174	-0.18984266
-8.461174	-0.41697583
-8.461174	-0.6441091
-8.461174	-0.8712422
-8.461174	-1.0983754
-8.461174	-1.3255086
-8.461174	-1.5526417
-8.461174	-1.7797749
-8.461174	-2.0069082
-8.461174	-2.2340415
-8.461174	-2.4611745
-8.461174	-2.6883078
-8.461174	-2.9154408
-8.461174	-3.142574
-8.461174	-3.3697073
-8.461174	-3.5968406
-8.461174	-3.8239737
-8.461174	-4.051107
-8.461174	-4.27824
-8.461174	-4.5053754
-8.461174	-4.732446
-8.461174	-4.9596395
-8.23554	5.0342207
-8.23554	4.807027
-8.23554	4.5799565
-8.23554	4.3528214
-8.23554	4.1256876
-8.23554	3.8985548
-8.23554	3.6714215
-8.23554	3.4442883
-8.23554	3.2171552
-8.23554	2.990022
-8.23554	2.7628887
-8.23554	2.5357556
-8.23554	2.3086224
-8.23554	2.081489
-8.23554	1.8543559
-8.23554	1.6272228
-8.23554	1.4000896
-8.23554	1.1729565
-8.23554	0.94582325
-8.23554	0.7186901
-8.23554	0.49155688
-8.23554	0.2644237
-8.23554	0.037290525
-8.23554	-0.18984266
-8.23554	-0.41697583
-8.23554	-0.6441091
-8.23554	-0.8712422
-8.23554	-1.0983754
-8.23554	-1.3255086
-8.23554	-1.5526417
-8.23554	-1.7797749
-8.23554	-2.0069082
-8.23554	-2.2340415
-8.23554	-2.4611745
-8.23554	-2.6883078
-8.23554	-2.9154408
-8.23554	-3.142574
-8.23554	-3.3697073
-8.23554	-3.5968406
-8.23554	-3.8239737
-8.23554	-4.051107
-8.23554	-4.27824
-8.23554	-4.5053754
-8.23554	-4.732446
-8.23554	-4.9596395
-8.009911	5.0342207
-8.009911	4.807027
-8.009911	4.5799565
-8.009911	4.3528214
-8.009911	4.1256876
-8.009911	3.8985548
-8.009911	3.6714215
-8.009911	3.4442883
-8.009911	3.2171552
-8.009911	2.990022
-8.009911	2.7628887
-8.009911	2.5357556
-8.009911	2.3086224
-8.009911	2.081489
-8.009911	1.8543559
-8.009911	1.6272228
-8.009911	1.4000896
-8.009911	1.1729565
-8.009911	0.94582325
-8.009911	0.7186901
-8.009911	0.49155688
-8.009911	0.2644237
-8.009911	0.037290525
-8.009911	-0.18984266
-8.009911	-0.41697583
-8.009911	-0.6441091
-8.009911	-0.8712422
-8.009911	-1.0983754
-8.009911	-1.3255086
-8.009911	-1.5526417
-8.009911	-1.7797749
-8.009911	-2.0069082
-8.009911	-2.2340415
-8.009911	-2.4611745
-8.009911	-2.6883078
-8.009911	-2.9154408
-8.009911	-3.142574
-8.009911	-3.3697073
-8.009911	-3.5968406
-8.009911	-3.8239737
-8.009911	-4.051107
-8.009911	-4.27824
-8.009911	-4.5053754
-8.009911	-4.732446
-8.009911	-4.9596395
-7.784279	5.0342207
-7.784279	4.807027
-7.784279	4.5799565
-7.784279	4.3528214
-7.784279	4.1256876
-7.784279	3.8985548
-7.784279	3.6714215
-7.784279	3.4442883
-7.784279	3.2171552
-7.784279	2.990022
-7.784279	2.7628887
-7.784279	2.5357556
-7.784279	2.3086224
-7.784279	2.081489
-7.784279	1.8543559
-7.784279	1.6272228
-7.784279	1.4000896
-7.784279	1.1729565
-7.784279	0.94582325
-7.784279	0.7186901
-7.784279	0.49155688
-7.784279	0.2644237
-7.784279	0.037290525
-7.784279	-0.18984266
-7.784279	-0.41697583
-7.784279	-0.6441091
-7.784279	-0.8712422
-7.784279	-1.0983754
-7.784279	-1.3255086
-7.784279	-1.5526417
-7.784279	-1.7797749
-7.784279	-2.0069082
-7.784279	-2.2340415
-7.784279	-2.4611745
-7.784279	-2.6883078
-7.784279	-2.9154408
-7.784279	-3.142574
-7.784279	-3.3697073
-7.784279	-3.5968406
-7.784279	-3.8239737
-7.784279	-4.051107
-7.784279	-4.27824
-7.784279	-4.5053754
-7.784279	-4.732446
-7.784279	-4.9596395
-7.5586476	5.0342207
-7.5586476	4.807027
-7.5586476	4.5799565
-7.5586476	4.3528214
-7.5586476	4.1256876
-7.5586476	3.8985548
-7.5586476	3.6714215
-7.5586476	3.4442883
-7.5586476	3.2171552
-7.5586476	2.990022
-7.5586476	2.7628887
-7.5586476	2.5357556
-7.5586476	2.3086224
-7.5586476	2.081489
-7.5586476	1.8543559
-7.5586476	1.6272228
-7.5586476	1.4000896
-7.5586476	1.1729565
-7.5586476	0.94582325
-7.5586476	0.7186901
-7.5586476	0.49155688
-7.5586476	0.2644237
-7.5586476	0.037290525
-7.5586476	-0.18984266
-7.5586476	-0.41697583
-7.5586476	-0.6441091
-7.5586476	-0.8712422
-7.5586476	-1.0983754
-7.5586476	-1.3255086
-7.5586476	-1.5526417
-7.5586476	-1.7797749
-7.5586476	-2.0069082
-7.5586476	-2.2340415
-7.5586476	-2.4611745
-7.5586476	-2.6883078
-7.5586476	-2.9154408
-7.5586476	-3.142574
-7.5586476	-3.3697073
-7.5586476	-3.5968406
-7.5586476	-3.8239737
-7.5586476	-4.051107
-7.5586476	-4.27824
-7.5586476	-4.5053754
-7.5586476	-4.732446
-7.5586476	-4.9596395
-7.333016	5.0342207
-7.333016	4.807027
-7.333016	4.5799565
-7.333016	4.3528214
-7.333016	4.1256876
-7.333016	3.8985548
-7.333016	3.6714215
-7.333016	3.4442883
-7.333016	3.2171552
-7.333016	2.990022
-7.333016	2.7628887
-7.333016	2.5357556
-7.333016	2.3086224
-7.333016	2.081489
-7.333016	1.8543559
-7.333016	1.6272228
-7.333016	1.4000896
-7.333016	1.1729565
-7.333016	0.94582325
-7.333016	0.7186901
-7.333016	0.49155688
-7.333016	0.2644237
-7.333016	0.037290525
-7.333016	-0.18984266
-7.333016	-0.41697583
-7.333016	-0.6441091
-7.333016	-0.8712422
-7.333016	-1.0983754
-7.333016	-1.3255086
-7.333016	-1.5526417
-7.333016	-1.7797749
-7.333016	-2.0069082
-7.333016	-2.2340415
-7.333016	-2.4611745
-7.333016	-2.6883078
-7.333016	-2.9154408
-7.333016	-3.142574
-7.333016	-3.3697073
-7.333016	-3.5968406
-7.333016	-3.8239737
-7.333016	-4.051107
-7.333016	-4.27824
-7.333016	-4.5053754
-7.333016	-4.732446
-7.333016	-4.9596395
-7.1073847	5.0342207
-7.1073847	4.807027
-7.1073847	4.5799565
-7.1073847	4.3528214
-7.1073847	4.1256876
-7.1073847	3.8985548
-7.1073847	3.6714215
-7.1073847	3.4442883
-7.1073847	3.2171552
-7.1073847	2.990022
-7.1073847	2.7628887
-7.1073847	2.5357556
-7.1073847	2.3086224
-7.1073847	2.081489
-7.1073847	1.8543559
-7.1073847	1.6272228
-7.1073847	1.4000896
-7.1073847	1.1729565
-7.1073847	0.94582325
-7.1073847	0.7186901
-7.1073847	0.49155688
-7.1073847	0.2644237
-7.1073847	0.037290525
-7.1073847	-0.18984266
-7.1073847	-0.41697583
-7.1073847	-0.6441091
-7.1073847	-0.8712422
-7.1073847	-1.0983754
-7.1073847	-1.3255086
-7.1073847	-1.5526417
-7.1073847	-1.7797749
-7.1073847	-2.0069082
-7.1073847	-2.2340415
-7.1073847	-2.4611745
-7.1073847	-2.6883078
-7.1073847	-2.9154408
-7.1073847	-3.142574
-7.1073847	-3.3697073
-7.1073847	-3.5968406
-7.1073847	-3.8239737
-7.1073847	-4.051107
-7.1073847	-4.27824
-7.1073847	-4.5053754
-7.1073847	-4.732446
-7.1073847	-4.9596395
-6.881754	5.0342207
-6.881754	4.807027
-6.881754	4.5799565
-6.881754	4.3528214
-6.881754	4.1256876
-6.881754	3.8985548
-6.881754	3.6714215
-6.881754	3.4442883
-6.881754	3.2171552
-6.881754	2.990022
-6.881754	2.7628887
-6.881754	2.5357556
-6.881754	2.3086224
-6.881754	2.081489
-6.881754	1.8543559
-6.881754	1.6272228
-6.881754	1.4000896
-6.881754	1.1729565
-6.881754	0.94582325
-6.881754	0.7186901
-6.881754	0.49155688
-6.881754	0.2644237
-6.881754	0.037290525
-6.881754	-0.18984266
-6.881754	-0.41697583
-6.881754	-0.6441091
-6.881754	-0.8712422
-6.881754	-1.0983754
-6.881754	-1.3255086
-6.881754	-1.5526417
-6.881754	-1.7797749
-6.881754	-2.0069082
-6.881754	-2.2340415
-6.881754	-2.4611745
-6.881754	-2.6883078
-6.881754	-2.9154408
-6.881754	-3.142574
-6.881754	-3.3697073
-6.881754	-3.5968406
-6.881754	-3.8239737
-6.881754	-4.051107
-6.881754	-4.27824
-6.881754	-4.5053754
-6.881754	-4.732446
-6.881754	-4.9596395
-6.656122	5.0342207
-6.656122	4.807027
-6.656122	4.5799565
-6.656122	4.3528214
-6.656122	4.1256876
-6.656122	3.8985548
-6.656122	3.6714215
-6.656122	3.4442883
-6.656122	3.2171552
-6.656122	2.990022
-6.656122	2.7628887
-6.656122	2.5357556
-6.656122	2.3086224
-6.656122	2.081489
-6.656122	1.8543559
-6.656122	1.6272228
-6.656122	1.4000896
-6.656122	1.1729565
-6.656122	0.94582325
-6.656122	0.7186901
-6.656122	0.49155688
-6.656122	0.2644237
-6.656122	0.037290525
-6.656122	-0.18984266
-6.656122	-0.41697583
-6.656122	-0.6441091
-6.656122	-0.8712422
-6.656122	-1.0983754
-6.656122	-1.3255086
-6.656122	-1.5526417
-6.656122	-1.7797749
-6.656122	-2.0069082
-6.656122	-2.2340415
-6.656122	-2.4611745
-6.656122	-2.6883078
-6.656122	-2.9154408
-6.656122	-3.142574
-6.656122	-3.3697073
-6.656122	-3.5968406
-6.656122	-3.8239737
-6.656122	-4.051107
-6.656122	-4.27824
-6.656122	-4.5053754
-6.656122	-4.732446
-6.656122	-4.9596395
-6.430491	5.0342207
-6.430491	4.807027
-6.430491	4.5799565
-6.430491	4.3528214
-6.430491	4.1256876
-6.430491	3.8985548
-6.430491	3.6714215
-6.430491	3.4442883
-6.430491	3.2171552
-6.430491	2.990022
-6.430491	2.7628887
-6.430491	2.5357556
-6.430491	2.3086224
-6.430491	2.081489
-6.430491	1.8543559
-6.430491	1.6272228
-6.430491	1.4000896
-6.430491	1.1729565
-6.430491	0.94582325
-6.430491	0.7186901
-6.430491	0.49155688
-6.430491	0.2644237
-6.430491	0.037290525
-6.430491	-0.18984266
-6.430491	-0.41697583
-6.430491	-0.6441091
-6.430491	-0.8712422
-6.430491	-1.0983754
-6.430491	-1.3255086
-6.430491	-1.5526417
-6.430491	-1.7797749
-6.430491	-2.0069082
-6.430491	-2.2340415
-6.430491	-2.4611745
-6.430491	-2.6883078
-6.430491	-2.9154408
-6.430491	-3.142574
-6.430491	-3.3697073
-6.430491	-3.5968406
-6.430491	-3.8239737
-6.430491	-4.051107
-6.430491	-4.27824
-6.430491	-4.5053754
-6.430491	-4.732446
-6.430491	-4.9596395
-6.2048597	5.0342207
-6.2048597	4.807027
-6.2048597	4.5799565
-6.2048597	4.3528214
-6.2048597	4.1256876
-6.2048597	3.8985548
-6.2048597	3.6714215
-6.2048597	3.4442883
-6.2048597	3.2171552
-6.2048597	2.990022
-6.2048597	2.7628887
-6.2048597	2.5357556
-6.2048597	2.3086224
-6.2048597	2.081489
-6.2048597	1.8543559
-6.2048597	1.6272228
-6.2048597	1.4000896
-6.2048597	1.1729565
-6.2048597	0.94582325
-6.2048597	0.7186901
-6.2048597	0.49155688
-6.2048597	0.2644237
-6.2048597	0.037290525
-6.2048597	-0.18984266
-6.2048597	-0.41697583
-6.2048597	-0.6441091
-6.2048597	-0.8712422
-6.2048597	-1.0983754
-6.2048597	-1.3255086
-6.2048597	-1.5526417
-6.2048597	-1.7797749
-6.2048597	-2.0069082
-6.2048597	-2.2340415
-6.2048597	-2.4611745
-6.2048597	-2.6883078
-6.2048597	-2.9154408
-6.2048597	-3.142574
-6.2048597	-3.3697073
-6.2048597	-3.5968406
-6.2048597	-3.8239737
-6.2048597	-4.051107
-6.2048597	-4.27824
-6.2048597	-4.5053754
-6.2048597	-4.732446
-6.2048597	-4.9596395
-5.9792285	5.0342207
-5.9792285	4.807027
-5.9792285	4.5799565
-5.9792285	4.3528214
-5.9792285	4.1256876
-5.9792285	3.8985548
-5.9792285	3.6714215
-5.9792285	3.4442883
-5.9792285	3.2171552
-5.9792285	2.990022
-5.9792285	2.7628887
-5.9792285	2.5357556
-5.9792285	2.3086224
-5.9792285	2.081489
-5.9792285	1.8543559
-5.9792285	1.6272228
-5.9792285	1.4000896
-5.9792285	1.1729565
-5.9792285	0.94582325
-5.9792285	0.7186901
-5.9792285	0.49155688
-5.9792285	0.2644237
-5.9792285	0.037290525
-5.9792285	-0.18984266
-5.9792285	-0.41697583
-5.9792285	-0.6441091
-5.9792285	-0.8712422
-5.9792285	-1.0983754
-5.9792285	-1.3255086
-5.9792285	-1.5526417
-5.9792285	-1.7797749
-5.9792285	-2.0069082
-5.9792285	-2.2340415
-5.9792285	-2.4611745
-5.9792285	-2.6883078
-5.9792285	-2.9154408
-5.9792285	-3.142574
-5.9792285	-3.3697073
-5.9792285	-3.5968406
-5.9792285	-3.8239737
-5.9792285	-4.051107
-5.9792285	-4.27824
-5.9792285	-4.5053754
-5.9792285	-4.732446
-5.9792285	-4.9596395
-5.7535973	5.0342207
-5.7535973	4.807027
-5.7535973	4.5799565
-5.7535973	4.3528214
-5.7535973	4.1256876
-5.7535973	3.8985548
-5.7535973	3.6714215
-5.7535973	3.4442883
-5.7535973	3.2171552
-5.7535973	2.990022
-5.7535973	2.7628887
-5.7535973	2.5357556
-5.7535973	2.3086224
-5.7535973	2.081489
-5.7535973	1.8543559
-5.7535973	1.6272228
-5.7535973	1.4000896
-5.7535973	1.1729565
-5.7535973	0.94582325
-5.7535973	0.7186901
-5.7535973	0.49155688
-5.7535973	0.2644237
-5.7535973	0.037290525
-5.7535973	-0.18984266
-5.7535973	-0.41697583
-5.7535973	-0.6441091
-5.7535973	-0.8712422
-5.7535973	-1.0983754
-5.7535973	-1.3255086
-5.7535973	-1.5526417
-5.7535973	-1.7797749
-5.7535973	-2.0069082
-5.7535973	-2.2340415
-5.7535973	-2.4611745
-5.7535973	-2.6883078
-5.7535973	-2.9154408
-5.7535973	-3.142574
-5.7535973	-3.3697073
-5.7535973	-3.5968406
-5.7535973	-3.8239737
-5.7535973	-4.051107
-5.7535973	-4.27824
-5.7535973	-4.5053754
-5.7535973	-4.732446
-5.7535973	-4.9596395
-5.527966	5.0342207
-5.527966	4.807027
-5.527966	4.5799565
-5.527966	4.3528214
-5.527966	4.1256876
-5.527966	3.8985548
-5.527966	3.6714215
-5.527966	3.4442883
-5.527966	3.2171552
-5.527966	2.990022
-5.527966	2.7628887
-5.527966	2.5357556
-5.527966	2.3086224
-5.527966	2.081489
-5.527966	1.8543559
-5.527966	1.6272228
-5.527966	1.4000896
-5.527966	1.1729565
-5.527966	0.94582325
-5.527966	0.7186901
-5.527966	0.49155688
-5.527966	0.2644237
-5.527966	0.037290525
-5.527966	-0.18984266
-5.527966	-0.41697583
-5.527966	-0.6441091
-5.527966	-0.8712422
-5.527966	-1.0983754
-5.527966	-1.3255086
-5.527966	-1.5526417
-5.527966	-1.7797749
-5.527966	-2.0069082
-5.527966	-2.2340415
-5.527966	-2.4611745
-5.527966	-2.6883078
-5.527966	-2.9154408
-5.527966	-3.142574
-5.527966	-3.3697073
-5.527966	-3.5968406
-5.527966	-3.8239737
-5.527966	-4.051107
-5.527966	-4.27824
-5.527966	-4.5053754
-5.527966	-4.732446
-5.527966	-4.9596395
-5.302335	5.0342207
-5.302335	4.807027
-5.302335	4.5799565
-5.302335	4.3528214
-5.302335	4.1256876
-5.302335	3.8985548
-5.302335	3.6714215
-5.302335	3.4442883
-5.302335	3.2171552
-5.302335	2.990022
-5.302335	2.7628887
-5.302335	2.5357556
-5.302335	2.3086224
-5.302335	2.081489
-5.302335	1.8543559
-5.302335	1.6272228
-5.302335	1.4000896
-5.302335	1.1729565
-5.302335	0.94582325
-5.302335	0.7186901
-5.302335	0.49155688
-5.302335	0.2644237
-5.302335	0.037290525
-5.302335	-0.18984266
-5.302335	-0.41697583
-5.302335	-0.6441091
-5.302335	-0.8712422
-5.302335	-1.0983754
-5.302335	-1.3255086
-5.302335	-1.5526417
-5.302335	-1.7797749
-5.302335	-2.0069082
-5.302335	-2.2340415
-5.302335	-2.4611745
-5.302335	-2.6883078
-5.302335	-2.9154408
-5.302335	-3.142574
-5.302335	-3.3697073
-5.302335	-3.5968406
-5.302335	-3.8239737
-5.302335	-4.051107
-5.302335	-4.27824
-5.302335	-4.5053754
-5.302335	-4.732446
-5.302335	-4.9596395
-5.0767035	5.0342207
-5.0767035	4.807027
-5.0767035	4.5799565
-5.0767035	4.3528214
-5.0767035	4.1256876
-5.0767035	3.8985548
-5.0767035	3.6714215
-5.0767035	3.4442883
-5.0767035	3.2171552
-5.0767035	2.990022
-5.0767035	2.7628887
-5.0767035	2.5357556
-5.0767035	2.3086224
-5.0767035	2.081489
-5.0767035	1.8543559
-5.0767035	1.6272228
-5.0767035	1.4000896
-5.0767035	1.1729565
-5.0767035	0.94582325
-5.0767035	0.7186901
-5.0767035	0.49155688
-5.0767035	0.2644237
-5.0767035	0.037290525
-5.0767035	-0.18984266
-5.0767035	-0.41697583
-5.0767035	-0.6441091
-5.0767035	-0.8712422
-5.0767035	-1.0983754
-5.0767035	-1.3255086
-5.0767035	-1.5526417
-5.0767035	-1.7797749
-5.0767035	-2.0069082
-5.0767035	-2.2340415
-5.0767035	-2.4611745
-5.0767035	-2.6883078
-5.0767035	-2.9154408
-5.0767035	-3.142574
-5.0767035	-3.3697073
-5.0767035	-3.5968406
-5.0767035	-3.8239737
-5.0767035	-4.051107
-5.0767035	-4.27824
-5.0767035	-4.5053754
-5.0767035	-4.732446
-5.0767035	-4.9596395
-4.851072	5.0342207
-4.851072	4.807027
-4.851072	4.5799565
-4.851072	4.3528214
-4.851072	4.1256876
-4.851072	3.8985548
-4.851072	3.6714215
-4.851072	3.4442883
-4.851072	3.2171552
-4.851072	2.990022
-4.851072	2.7628887
-4.851072	2.5357556
-4.851072	2.3086224
-4.851072	2.081489
-4.851072	1.8543559
-4.851072	1.6272228
-4.851072	1.4000896
-4.851072	1.1729565
-4.851072	0.94582325
-4.851072	0.7186901
-4.851072	0.49155688
-4.851072	0.2644237
-4.851072	0.037290525
-4.851072	-0.18984266
-4.851072	-0.41697583
-4.851072	-0.6441091
-4.851072	-0.8712422
-4.851072	-1.0983754
-4.851072	-1.3255086
-4.851072	-1.5526417
-4.851072	-1.7797749
-4.851072	-2.0069082
-4.851072	-2.2340415
-4.851072	-2.4611745
-4.851072	-2.6883078
-4.851072	-2.9154408
-4.851072	-3.142574
-4.851072	-3.3697073
-4.851072	-3.5968406
-4.851072	-3.8239737
-4.851072	-4.051107
-4.851072	-4.27824
-4.851072	-4.5053754
-4.851072	-4.732446
-4.851072	-4.9596395
-4.625441	5.0342207
-4.625441	4.807027
-4.625441	4.5799565
-4.625441	4.3528214
-4.625441	4.1256876
-4.625441	3.8985548
-4.625441	3.6714215
-4.625441	3.4442883
-4.625441	3.2171552
-4.625441	2.990022
-4.625441	2.7628887
-4.625441	2.5357556
-4.625441	2.3086224
-4.625441	2.081489
-4.625441	1.8543559
-4.625441	1.6272228
-4.625441	1.4000896
-4.625441	1.1729565
-4.625441	0.94582325
-4.625441	0.7186901
-4.625441	0.49155688
-4.625441	0.2644237
-4.625441	0.037290525
-4.625441	-0.18984266
-4.625441	-0.41697583
-4.625441	-0.6441091
-4.625441	-0.8712422
-4.625441	-1.0983754
-4.625441	-1.3255086
-4.625441	-1.5526417
-4.625441	-1.7797749
-4.625441	-2.0069082
-4.625441	-2.2340415
-4.625441	-2.4611745
-4.625441	-2.6883078
-4.625441	-2.9154408
-4.625441	-3.142574
-4.625441	-3.3697073
-4.625441	-3.5968406
-4.625441	-3.8239737
-4.625441	-4.051107
-4.625441	-4.27824
-4.625441	-4.5053754
-4.625441	-4.732446
-4.625441	-4.9596395
-4.39981	5.0342207
-4.39981	4.807027
-4.39981	4.5799565
-4.39981	4.3528214
-4.39981	4.1256876
-4.39981	3.8985548
-4.39981	3.6714215
-4.39981	3.4442883
-4.39981	3.2171552
-4.39981	2.990022
-4.39981	2.7628887
-4.39981	2.5357556
-4.39981	2.3086224
-4.39981	2.081489
-4.39981	1.8543559
-4.39981	1.6272228
-4.39981	1.4000896
-4.39981	1.1729565
-4.39981	0.94582325
-4.39981	0.7186901
-4.39981	0.49155688
-4.39981	0.2644237
-4.39981	0.037290525
-4.39981	-0.18984266
-4.39981	-0.41697583
-4.39981	-0.6441091
-4.39981	-0.8712422
-4.39981	-1.0983754
-4.39981	-1.3255086
-4.39981	-1.5526417
-4.39981	-1.7797749
-4.39981	-2.0069082
-4.39981	-2.2340415
-4.39981	-2.4611745
-4.39981	-2.6883078
-4.39981	-2.9154408
-4.39981	-3.142574
-4.39981	-3.3697073
-4.39981	-3.5968406
-4.39981	-3.8239737
-4.39981	-4.051107
-4.39981	-4.27824
-4.39981	-4.5053754
-4.39981	-4.732446
-4.39981	-4.9596395
-4.174178	5.0342207
-4.174178	4.807027
-4.174178	4.5799565
-4.174178	4.3528214
-4.174178	4.1256876
-4.174178	3.8985548
-4.174178	3.6714215
-4.174178	3.4442883
-4.174178	3.2171552
-4.174178	2.990022
-4.174178	2.7628887
-4.174178	2.5357556
-4.174178	2.3086224
-4.174178	2.081489
-4.174178	1.8543559
-4.174178	1.6272228
-4.174178	1.4000896
-4.174178	1.1729565
-4.174178	0.94582325
-4.174178	0.7186901
-4.174178	0.49155688
-4.174178	0.2644237
-4.174178	0.037290525
-4.174178	-0.18984266
-4.174178	-0.41697583
-4.174178	-0.6441091
-4.174178	-0.8712422
-4.174178	-1.0983754
-4.174178	-1.3255086
-4.174178	-1.5526417
-4.174178	-1.7797749
-4.174178	-2.0069082
-4.174178	-2.2340415
-4.174178	-2.4611745
-4.174178	-2.6883078
-4.174178	-2.9154408
-4.174178	-3.142574
-4.174178	-3.3697073
-4.174178	-3.5968406
-4.174178	-3.8239737
-4.174178	-4.051107
-4.174178	-4.27824
-4.174178	-4.5053754
-4.174178	-4.732446
-4.174178	-4.9596395
-3.9485471	5.0342207
-3.9485471	4.807027
-3.9485471	4.5799565
-3.9485471	4.3528214
-3.9485471	4.1256876
-3.9485471	3.8985548
-3.9485471	3.6714215
-3.9485471	3.4442883
-3.9485471	3.2171552
-3.9485471	2.990022
-3.9485471	2.7628887
-3.9485471	2.5357556
-3.9485471	2.3086224
-3.9485471	2.081489
-3.9485471	1.8543559
-3.9485471	1.6272228
-3.9485471	1.4000896
-3.9485471	1.1729565
-3.9485471	0.94582325
-3.9485471	0.7186901
-3.9485471	0.49155688
-3.9485471	0.2644237
-3.9485471	0.037290525
-3.9485471	-0.18984266
-3.9485471	-0.41697583
-3.9485471	-0.6441091
-3.9485471	-0.8712422
-3.9485471	-1.0983754
-3.9485471	-1.3255086
-3.9485471	-1.5526417
-3.9485471	-1.7797749
-3.9485471	-2.0069082
-3.9485471	-2.2340415
-3.9485471	-2.4611745
-3.9485471	-2.6883078
-3.9485471	-2.9154408
-3.9485471	-3.142574
-3.9485471	-3.3697073
-3.9485471	-3.5968406
-3.9485471	-3.8239737
-3.9485471	-4.051107
-3.9485471	-4.27824
-3.9485471	-4.5053754
-3.9485471	-4.732446
-3.9485471	-4.9596395
-3.722916	5.0342207
-3.722916	4.807027
-3.722916	4.5799565
-3.722916	4.3528214
-3.722916	4.1256876
-3.722916	3.8985548
-3.722916	3.6714215
-3.722916	3.4442883
-3.722916	3.2171552
-3.722916	2.990022
-3.722916	2.7628887
-3.722916	2.5357556
-3.722916	2.3086224
-3.722916	2.081489
-3.722916	1.8543559
-3.722916	1.6272228
-3.722916	1.4000896
-3.722916	1.1729565
-3.722916	0.94582325
-3.722916	0.7186901
-3.722916	0.49155688
-3.722916	0.2644237
-3.722916	0.037290525
-3.722916	-0.18984266
-3.722916	-0.41697583
-3.722916	-0.6441091
-3.722916	-0.8712422
-3.722916	-1.0983754
-3.722916	-1.3255086
-3.722916	-1.5526417
-3.722916	-1.7797749
-3.722916	-2.0069082
-3.722916	-2.2340415
-3.722916	-2.4611745
-3.722916	-2.6883078
-3.722916	-2.9154408
-3.722916	-3.142574
-3.722916	-3.3697073
-3.722916	-3.5968406
-3.722916	-3.8239737
-3.722916	-4.051107
-3.722916	-4.27824
-3.722916	-4.5053754
-3.722916	-4.732446
-3.722916	-4.9596395
-3.4972844	5.0342207
-3.4972844	4.807027
-3.4972844	4.5799565
-3.4972844	4.3528214
-3.4972844	4.1256876
-3.4972844	3.8985548
-3.4972844	3.6714215
-3.4972844	3.4442883
-3.4972844	3.2171552
-3.4972844	2.990022
-3.4972844	2.7628887
-3.4972844	2.5357556
-3.4972844	2.3086224
-3.4972844	2.081489
-3.4972844	1.8543559
-3.4972844	1.6272228
-3.4972844	1.4000896
-3.4972844	1.1729565
-3.4972844	0.94582325
-3.4972844	0.7186901
-3.4972844	0.49155688
-3.4972844	0.2644237
-3.4972844	0.037290525
-3.4972844	-0.18984266
-3.4972844	-0.41697583
-3.4972844	-0.6441091
-3.4972844	-0.8712422
-3.4972844	-1.0983754
-3.4972844	-1.3255086
-3.4972844	-1.5526417
-3.4972844	-1.7797749
-3.4972844	-2.0069082
-3.4972844	-2.2340415
-3.4972844	-2.4611745
-3.4972844	-2.6883078
-3.4972844	-2.9154408
-3.4972844	-3.142574
-3.4972844	-3.3697073
-3.4972844	-3.5968406
-3.4972844	-3.8239737
-3.4972844	-4.051107
-3.4972844	-4.27824
-3.4972844	-4.5053754
-3.4972844	-4.732446
-3.4972844	-4.9596395
-3.2716534	5.0342207
-3.2716534	4.807027
-3.2716534	4.5799565
-3.2716534	4.3528214
-3.2716534	4.1256876
-3.2716534	3.8985548
-3.2716534	3.6714215
-3.2716534	3.4442883
-3.2716534	3.2171552
-3.2716534	2.990022
-3.2716534	2.7628887
-3.2716534	2.5357556
-3.2716534	2.3086224
-3.2716534	2.081489
-3.2716534	1.8543559
-3.2716534	1.6272228
-3.2716534	1.4000896
-3.2716534	1.1729565
-3.2716534	0.94582325
-3.2716534	0.7186901
-3.2716534	0.49155688
-3.2716534	0.2644237
-3.2716534	0.037290525
-3.2716534	-0.18984266
-3.2716534	-0.41697583
-3.2716534	-0.6441091
-3.2716534	-0.8712422
-3.2716534	-1.0983754
-3.2716534	-1.3255086
-3.2716534	-1.5526417
-3.2716534	-1.7797749
-3.2716534	-2.0069082
-3.2716534	-2.2340415
-3.2716534	-2.4611745
-3.2716534	-2.6883078
-3.2716534	-2.9154408
-3.2716534	-3.142574
-3.2716534	-3.3697073
-3.2716534	-3.5968406
-3.2716534	-3.8239737
-3.2716534	-4.051107
-3.2716534	-4.27824
-3.2716534	-4.5053754
-3.2716534	-4.732446
-3.2716534	-4.9596395
-3.0460222	5.0342207
-3.0460222	4.807027
-3.0460222	4.5799565
-3.0460222	4.3528214
-3.0460222	4.1256876
-3.0460222	3.8985548
-3.0460222	3.6714215
-3.0460222	3.4442883
-3.0460222	3.2171552
-3.0460222	2.990022
-3.0460222	2.7628887
-3.0460222	2.5357556
-3.0460222	2.3086224
-3.0460222	2.081489
-3.0460222	1.8543559
-3.0460222	1.6272228
-3.0460222	1.4000896
-3.0460222	1.1729565
-3.0460222	0.94582325
-3.0460222	0.7186901
-3.0460222	0.49155688
-3.0460222	0.2644237
-3.0460222	0.037290525
-3.0460222	-0.18984266
-3.0460222	-0.41697583
-3.0460222	-0.6441091
-3.0460222	-0.8712422
-3.0460222	-1.0983754
-3.0460222	-1.3255086
-3.0460222	-1.5526417
-3.0460222	-1.7797749
-3.0460222	-2.0069082
-3.0460222	-2.2340415
-3.0460222	-2.4611745
-3.0460222	-2.6883078
-3.0460222	-2.9154408
-3.0460222	-3.142574
-3.0460222	-3.3697073
-3.0460222	-3.5968406
-3.0460222	-3.8239737
-3.0460222	-4.051107
-3.0460222	-4.27824
-3.0460222	-4.5053754
-3.0460222	-4.732446
-3.0460222	-4.9596395
-2.8203907	5.0342207
-2.8203907	4.807027
-2.8203907	4.5799565
-2.8203907	4.3528214
-2.8203907	4.1256876
-2.8203907	3.8985548
-2.8203907	3.6714215
-2.8203907	3.4442883
-2.8203907	3.2171552
-2.8203907	2.990022
-2.8203907	2.7628887
-2.8203907	2.5357556
-2.8203907	2.3086224
-2.8203907	2.081489
-2.8203907	1.8543559
-2.8203907	1.6272228
-2.8203907	1.4000896
-2.8203907	1.1729565
-2.8203907	0.94582325
-2.8203907	0.7186901
-2.8203907	0.49155688
-2.8203907	0.2644237
-2.8203907	0.037290525
-2.8203907	-0.18984266
-2.8203907	-0.41697583
-2.8203907	-0.6441091
-2.8203907	-0.8712422
-2.8203907	-1.0983754
-2.8203907	-1.3255086
-2.8203907	-1.5526417
-2.8203907	-1.7797749
-2.8203907	-2.0069082
-2.8203907	-2.2340415
-2.8203907	-2.4611745
-2.8203907	-2.6883078
-2.8203907	-2.9154408
-2.8203907	-3.142574
-2.8203907	-3.3697073
-2.8203907	-3.5968406
-2.8203907	-3.8239737
-2.8203907	-4.051107
-2.8203907	-4.27824
-2.8203907	-4.5053754
-2.8203907	-4.732446
-2.8203907	-4.9596395
-2.5947595	5.0342207
-2.5947595	4.807027
-2.5947595	4.5799565
-2.5947595	4.3528214
-2.5947595	4.1256876
-2.5947595	3.8985548
-2.5947595	3.6714215
-2.5947595	3.4442883
-2.5947595	3.2171552
-2.5947595	2.990022
-2.5947595	2.7628887
-2.5947595	2.5357556
-2.5947595	2.3086224
-2.5947595	2.081489
-2.5947595	1.8543559
-2.5947595	1.6272228
-2.5947595	1.4000896
-2.5947595	1.1729565
-2.5947595	0.94582325
-2.5947595	0.7186901
-2.5947595	0.49155688
-2.5947595	0.2644237
-2.5947595	0.037290525
-2.5947595	-0.18984266
-2.5947595	-0.41697583
-2.5947595	-0.6441091
-2.5947595	-0.8712422
-2.5947595	-1.0983754
-2.5947595	-1.3255086
-2.5947595	-1.5526417
-2.5947595	-1.7797749
-2.5947595	-2.0069082
-2.5947595	-2.2340415
-2.5947595	-2.4611745
-2.5947595	-2.6883078
-2.5947595	-2.9154408
-2.5947595	-3.142574
-2.5947595	-3.3697073
-2.5947595	-3.5968406
-2.5947595	-3.8239737
-2.5947595	-4.051107
-2.5947595	-4.27824
-2.5947595	-4.5053754
-2.5947595	-4.732446
-2.5947595	-4.9596395
-2.3691282	5.0342207
-2.3691282	4.807027
-2.3691282	4.5799565
-2.3691282	4.3528214
-2.3691282	4.1256876
-2.3691282	3.8985548
-2.3691282	3.6714215
-2.3691282	3.4442883
-2.3691282	3.2171552
-2.3691282	2.990022
-2.3691282	2.7628887
-2.3691282	2.5357556
-2.3691282	2.3086224
-2.3691282	2.081489
-2.3691282	1.8543559
-2.3691282	1.6272228
-2.3691282	1.4000896
-2.3691282	1.1729565
-2.3691282	0.94582325
-2.3691282	0.7186901
-2.3691282	0.49155688
-2.3691282	0.2644237
-2.3691282	0.037290525
-2.3691282	-0.18984266
-2.3691282	-0.41697583
-2.3691282	-0.6441091
-2.3691282	-0.8712422
-2.3691282	-1.0983754
-2.3691282	-1.3255086
-2.3691282	-1.5526417
-2.3691282	-1.7797749
-2.3691282	-2.0069082
-2.3691282	-2.2340415
-2.3691282	-2.4611745
-2.3691282	-2.6883078
-2.3691282	-2.9154408
-2.3691282	-3.142574
-2.3691282	-3.3697073
-2.3691282	-3.5968406
-2.3691282	-3.8239737
-2.3691282	-4.051107
-2.3691282	-4.27824
-2.3691282	-4.5053754
-2.3691282	-4.732446
-2.3691282	-4.9596395
-2.143497	5.0342207
-2.143497	4.807027
-2.143497	4.5799565
-2.143497	4.3528214
-2.143497	4.1256876
-2.143497	3.8985548
-2.143497	3.6714215
-2.143497	3.4442883
-2.143497	3.2171552
-2.143497	2.990022
-2.143497	2.7628887
-2.143497	2.5357556
-2.143497	2.3086224
-2.143497	2.081489
-2.143497	1.8543559
-2.143497	1.6272228
-2.143497	1.4000896
-2.143497	1.1729565
-2.143497	0.94582325
-2.143497	0.7186901
-2.143497	0.49155688
-2.143497	0.2644237
-2.143497	0.037290525
-2.143497	-0.18984266
-2.143497	-0.41697583
-2.143497	-0.6441091
-2.143497	-0.8712422
-2.143497	-1.0983754
-2.143497	-1.3255086
-2.143497	-1.5526417
-2.143497	-1.7797749
-2.143497	-2.0069082
-2.143497	-2.2340415
-2.143497	-2.4611745
-2.143497	-2.6883078
-2.143497	-2.9154408
-2.143497	-3.142574
-2.143497	-3.3697073
-2.143497	-3.5968406
-2.143497	-3.8239737
-2.143497	-4.051107
-2.143497	-4.27824
-2.143497	-4.5053754
-2.143497	-4.732446
-2.143497	-4.9596395
-1.9178659	5.0342207
-1.9178659	4.807027
-1.9178659	4.5799565
-1.9178659	4.3528214
-1.9178659	4.1256876
-1.9178659	3.8985548
-1.9178659	3.6714215
-1.9178659	3.4442883
-1.9178659	3.2171552
-1.9178659	2.990022
-1.9178659	2.7628887
-1.9178659	2.5357556
-1.9178659	2.3086224
-1.9178659	2.081489
-1.9178659	1.8543559
-1.9178659	1.6272228
-1.9178659	1.4000896
-1.9178659	1.1729565
-1.9178659	0.94582325
-1.9178659	0.7186901
-1.9178659	0.49155688
-1.9178659	0.2644237
-1.9178659	0.037290525
-1.9178659	-0.18984266
-1.9178659	-0.41697583
-1.9178659	-0.6441091
-1.9178659	-0.8712422
-1.9178659	-1.0983754
-1.9178659	-1.3255086
-1.9178659	-1.5526417
-1.9178659	-1.7797749
-1.9178659	-2.0069082
-1.9178659	-2.2340415
-1.9178659	-2.4611745
-1.9178659	-2.6883078
-1.9178659	-2.9154408
-1.9178659	-3.142574
-1.9178659	-3.3697073
-1.9178659	-3.5968406
-1.9178659	-3.8239737
-1.9178659	-4.051107
-1.9178659	-4.27824
-1.9178659	-4.5053754
-1.9178659	-4.732446
-1.9178659	-4.9596395
-1.6922345	5.0342207
-1.6922345	4.807027
-1.6922345	4.5799565
-1.6922345	4.3528214
-1.6922345	4.1256876
-1.6922345	3.8985548
-1.6922345	3.6714215
-1.6922345	3.4442883
-1.6922345	3.2171552
-1.6922345	2.990022
-1.6922345	2.7628887
-1.6922345	2.5357556
-1.6922345	2.3086224
-1.6922345	2.081489
-1.6922345	1.8543559
-1.6922345	1.6272228
-1.6922345	1.4000896
-1.6922345	1.1729565
-1.6922345	0.94582325
-1.6922345	0.7186901
-1.6922345	0.49155688
-1.6922345	0.2644237
-1.6922345	0.037290525
-1.6922345	-0.18984266
-1.6922345	-0.41697583
-1.6922345	-0.6441091
-1.6922345	-0.8712422
-1.6922345	-1.0983754
-1.6922345	-1.3255086
-1.6922345	-1.5526417
-1.6922345	-1.7797749
-1.6922345	-2.0069082
-1.6922345	-2.2340415
-1.6922345	-2.4611745
-1.6922345	-2.6883078
-1.6922345	-2.9154408
-1.6922345	-3.142574
-1.6922345	-3.3697073
-1.6922345	-3.5968406
-1.6922345	-3.8239737
-1.6922345	-4.051107
-1.6922345	-4.27824
-1.6922345	-4.5053754
-1.6922345	-4.732446
-1.6922345	-4.9596395
-1.4666033	5.0342207
-1.4666033	4.807027
-1.4666033	4.5799565
-1.4666033	4.3528214
-1.4666033	4.1256876
-1.4666033	3.8985548
-1.4666033	3.6714215
-1.4666033	3.4442883
-1.4666033	3.2171552
-1.4666033	2.990022
-1.4666033	2.7628887
-1.4666033	2.5357556
-1.4666033	2.3086224
-1.4666033	2.081489
-1.4666033	1.8543559
-1.4666033	1.6272228
-1.4666033	1.4000896
-1.4666033	1.1729565
-1.4666033	0.94582325
-1.4666033	0.7186901
-1.4666033	0.49155688
-1.4666033	0.2644237
-1.4666033	0.037290525
-1.4666033	-0.18984266
-1.4666033	-0.41697583
-1.4666033	-0.6441091
-1.4666033	-0.8712422
-1.4666033	-1.0983754
-1.4666033	-1.3255086
-1.4666033	-1.5526417
-1.4666033	-1.7797749
-1.4666033	-2.0069082
-1.4666033	-2.2340415
-1.4666033	-2.4611745
-1.4666033	-2.6883078
-1.4666033	-2.9154408
-1.4666033	-3.142574
-1.4666033	-3.3697073
-1.4666033	-3.5968406
-1.4666033	-3.8239737
-1.4666033	-4.051107
-1.4666033	-4.27824
-1.4666033	-4.5053754
-1.4666033	-4.732446
-1.4666033	-4.9596395
-1.2409719	5.0342207
-1.2409719	4.807027
-1.2409719	4.5799565
-1.2409719	4.3528214
-1.2409719	4.1256876
-1.2409719	3.8985548
-1.2409719	3.6714215
-1.2409719	3.4442883
-1.2409719	3.2171552
-1.2409719	2.990022
-1.2409719	2.7628887
-1.2409719	2.5357556
-1.2409719	2.3086224
-1.2409719	2.081489
-1.2409719	1.8543559
-1.2409719	1.6272228
-1.2409719	1.4000896
-1.2409719	1.1729565
-1.2409719	0.94582325
-1.2409719	0.7186901
-1.2409719	0.49155688
-1.2409719	0.2644237
-1.2409719	0.037290525
-1.2409719	-0.18984266
-1.2409719	-0.41697583
-1.2409719	-0.6441091
-1.2409719	-0.8712422
-1.2409719	-1.0983754
-1.2409719	-1.3255086
-1.2409719	-1.5526417
-1.2409719	-1.7797749
-1.2409719	-2.0069082
-1.2409719	-2.2340415
-1.2409719	-2.4611745
-1.2409719	-2.6883078
-1.2409719	-2.9154408
-1.2409719	-3.142574
-1.2409719	-3.3697073
-1.2409719	-3.5968406
-1.2409719	-3.8239737
-1.2409719	-4.051107
-1.2409719	-4.27824
-1.2409719	-4.5053754
-1.2409719	-4.732446
-1.2409719	-4.9596395
-1.0153407	5.0342207
-1.0153407	4.807027
-1.0153407	4.5799565
-1.0153407	4.3528214
-1.0153407	4.1256876
-1.0153407	3.8985548
-1.0153407	3.6714215
-1.0153407	3.4442883
-1.0153407	3.2171552
-1.0153407	2.990022
-1.0153407	2.7628887
-1.0153407	2.5357556
-1.0153407	2.3086224
-1.0153407	2.081489
-1.0153407	1.8543559
-1.0153407	1.6272228
-1.0153407	1.4000896
-1.0153407	1.1729565
-1.0153407	0.94582325
-1.0153407	0.7186901
-1.0153407	0.49155688
-1.0153407	0.2644237
-1.0153407	0.037290525
-1.0153407	-0.18984266
-1.0153407	-0.41697583
-1.0153407	-0.6441091
-1.0153407	-0.8712422
-1.0153407	-1.0983754
-1.0153407	-1.3255086
-1.0153407	-1.5526417
-1.0153407	-1.7797749
-1.0153407	-2.0069082
-1.0153407	-2.2340415
-1.0153407	-2.4611745
-1.0153407	-2.6883078
-1.0153407	-2.9154408
-1.0153407	-3.142574
-1.0153407	-3.3697073
-1.0153407	-3.5968406
-1.0153407	-3.8239737
-1.0153407	-4.051107
-1.0153407	-4.27824
-1.0153407	-4.5053754
-1.0153407	-4.732446
-1.0153407	-4.9596395
-0.7897094	5.0342207
-0.7897094	4.807027
-0.7897094	4.5799565
-0.7897094	4.3528214
-0.7897094	4.1256876
-0.7897094	3.8985548
-0.7897094	3.6714215
-0.7897094	3.4442883
-0.7897094	3.2171552
-0.7897094	2.990022
-0.7897094	2.7628887
-0.7897094	2.5357556
-0.7897094	2.3086224
-0.7897094	2.081489
-0.7897094	1.8543559
-0.7897094	1.6272228
-0.7897094	1.4000896
-0.7897094	1.1729565
-0.7897094	0.94582325
-0.7897094	0.7186901
-0.7897094	0.49155688
-0.7897094	0.2644237
-0.7897094	0.037290525
-0.7897094	-0.18984266
-0.7897094	-0.41697583
-0.7897094	-0.6441091
-0.7897094	-0.8712422
-0.7897094	-1.0983754
-0.7897094	-1.3255086
-0.7897094	-1.5526417
-0.7897094	-1.7797749
-0.7897094	-2.0069082
-0.7897094	-2.2340415
-0.7897094	-2.4611745
-0.7897094	-2.6883078
-0.7897094	-2.9154408
-0.7897094	-3.142574
-0.7897094	-3.3697073
-0.7897094	-3.5968406
-0.7897094	-3.8239737
-0.7897094	-4.051107
-0.7897094	-4.27824
-0.7897094	-4.5053754
-0.7897094	-4.732446
-0.7897094	-4.9596395
-0.56407815	5.0342207
-0.56407815	4.807027
-0.56407815	4.5799565
-0.56407815	4.3528214
-0.56407815	4.1256876
-0.56407815	3.8985548
-0.56407815	3.6714215
-0.56407815	3.4442883
-0.56407815	3.2171552
-0.56407815	2.990022
-0.56407815	2.7628887
-0.56407815	2.5357556
-0.56407815	2.3086224
-0.56407815	2.081489
-0.56407815	1.8543559
-0.56407815	1.6272228
-0.56407815	1.4000896
-0.56407815	1.1729565
-0.56407815	0.94582325
-0.56407815	0.7186901
-0.56407815	0.49155688
-0.56407815	0.2644237
-0.56407815	0.037290525
-0.56407815	-0.18984266
-0.56407815	-0.41697583
-0.56407815	-0.6441091
-0.56407815	-0.8712422
-0.56407815	-1.0983754
-0.56407815	-1.3255086
-0.56407815	-1.5526417
-0.56407815	-1.7797749
-0.56407815	-2.0069082
-0.56407815	-2.2340415
-0.56407815	-2.4611745
-0.56407815	-2.6883078
-0.56407815	-2.9154408
-0.56407815	-3.142574
-0.56407815	-3.3697073
-0.56407815	-3.5968406
-0.56407815	-3.8239737
-0.56407815	-4.051107
-0.56407815	-4.27824
-0.56407815	-4.5053754
-0.56407815	-4.732446
-0.56407815	-4.9596395
-0.33844692	5.0342207
-0.33844692	4.807027
-0.33844692	4.5799565
-0.33844692	4.3528214
-0.33844692	4.1256876
-0.33844692	3.8985548
-0.33844692	3.6714215
-0.33844692	3.4442883
-0.33844692	3.2171552
-0.33844692	2.990022
-0.33844692	2.7628887
-0.33844692	2.5357556
-0.33844692	2.3086224
-0.33844692	2.081489
-0.33844692	1.8543559
-0.33844692	1.6272228
-0.33844692	1.4000896
-0.33844692	1.1729565
-0.33844692	0.94582325
-0.33844692	0.7186901
-0.33844692	0.49155688
-0.33844692	0.2644237
-0.33844692	0.037290525
-0.33844692	-0.18984266
-0.33844692	-0.41697583
-0.33844692	-0.6441091
-0.33844692	-0.8712422
-0.33844692	-1.0983754
-0.33844692	-1.3255086
-0.33844692	-1.5526417
-0.33844692	-1.7797749
-0.33844692	-2.0069082
-0.33844692	-2.2340415
-0.33844692	-2.4611745
-0.33844692	-2.6883078
-0.33844692	-2.9154408
-0.33844692	-3.142574
-0.33844692	-3.3697073
-0.33844692	-3.5968406
-0.33844692	-3.8239737
-0.33844692	-4.051107
-0.33844692	-4.27824
-0.33844692	-4.5053754
-0.33844692	-4.732446
-0.33844692	-4.9596395
-0.11281563	5.0342207
-0.11281563	4.807027
-0.11281563	4.5799565
-0.11281563	4.3528214
-0.11281563	4.1256876
-0.11281563	3.8985548
-0.11281563	3.6714215
-0.11281563	3.4442883
-0.11281563	3.2171552
-0.11281563	2.990022
-0.11281563	2.7628887
-0.11281563	2.5357556
-0.11281563	2.3086224
-0.11281563	2.081489
-0.11281563	1.8543559
-0.11281563	1.6272228
-0.11281563	1.4000896
-0.11281563	1.1729565
-0.11281563	0.94582325
-0.11281563	0.7186901
-0.11281563	0.49155688
-0.11281563	0.2644237
-0.11281563	0.037290525
-0.11281563	-0.18984266
-0.11281563	-0.41697583
-0.11281563	-0.6441091
-0.11281563	-0.8712422
-0.11281563	-1.0983754
-0.11281563	-1.3255086
-0.11281563	-1.5526417
-0.11281563	-1.7797749
-0.11281563	-2.0069082
-0.11281563	-2.2340415
-0.11281563	-2.4611745
-0.11281563	-2.6883078
-0.11281563	-2.9154408
-0.11281563	-3.142574
-0.11281563	-3.3697073
-0.11281563	-3.5968406
-0.11281563	-3.8239737
-0.11281563	-4.051107
-0.11281563	-4.27824
-0.11281563	-4.5053754
-0.11281563	-4.732446
-0.11281563	-4.9596395
0.11281563	5.0342207
0.11281563	4.807027
0.11281563	4.5799565
0.11281563	4.3528214
0.11281563	4.1256876
0.11281563	3.8985548
0.11281563	3.6714215
0.11281563	3.4442883
0.11281563	3.2171552
0.11281563	2.990022
0.11281563	2.7628887
0.11281563	2.5357556
0.11281563	2.3086224
0.11281563	2.081489
0.11281563	1.8543559
0.11281563	1.6272228
0.11281563	1.4000896
0.11281563	1.1729565
0.11281563	0.94582325
0.11281563	0.7186901
0.11281563	0.49155688
0.11281563	0.2644237
0.11281563	0.037290525
0.11281563	-0.18984266
0.11281563	-0.41697583
0.11281563	-0.6441091
0.11281563	-0.8712422
0.11281563	-1.0983754
0.11281563	-1.3255086
0.11281563	-1.5526417
0.11281563	-1.7797749
0.11281563	-2.0069082
0.11281563	-2.2340415
0.11281563	-2.4611745
0.11281563	-2.6883078
0.11281563	-2.9154408
0.11281563	-3.142574
0.11281563	-3.3697073
0.11281563	-3.5968406
0.11281563	-3.8239737
0.11281563	-4.051107
0.11281563	-4.27824
0.11281563	-4.5053754
0.11281563	-4.732446
0.11281563	-4.9596395
0.33844692	5.0342207
0.33844692	4.807027
0.33844692	4.5799565
0.33844692	4.3528214
0.33844692	4.1256876
0.33844692	3.8985548
0.33844692	3.6714215
0.33844692	3.4442883
0.33844692	3.2171552
0.33844692	2.990022
0.33844692	2.7628887
0.33844692	2.5357556
0.33844692	2.3086224
0.33844692	2.081489
0.33844692	1.8543559
0.33844692	1.6272228
0.33844692	1.4000896
0.33844692	1.1729565
0.33844692	0.94582325
0.33844692	0.7186901
0.33844692	0.49155688
0.33844692	0.2644237
0.33844692	0.037290525
0.33844692	-0.18984266
0.33844692	-0.41697583
0.33844692	-0.6441091
0.33844692	-0.8712422
0.33844692	-1.0983754
0.33844692	-1.3255086
0.33844692	-1.5526417
0.33844692	-1.7797749
0.33844692	-2.0069082
0.33844692	-2.2340415
0.33844692	-2.4611745
0.33844692	-2.6883078
0.33844692	-2.9154408
0.33844692	-3.142574
0.33844692	-3.3697073
0.33844692	-3.5968406
0.33844692	-3.8239737
0.33844692	-4.051107
0.33844692	-4.27824
0.33844692	-4.5053754
0.33844692	-4.732446
0.33844692	-4.9596395
0.56407815	5.0342207
0.56407815	4.807027
0.56407815	4.5799565
0.56407815	4.3528214
0.56407815	4.1256876
0.56407815	3.8985548
0.56407815	3.6714215
0.56407815	3.4442883
0.56407815	3.2171552
0.56407815	2.990022
0.56407815	2.7628887
0.56407815	2.5357556
0.56407815	2.3086224
0.56407815	2.081489
0.56407815	1.8543559
0.56407815	1.6272228
0.56407815	1.4000896
0.56407815	1.1729565
0.56407815	0.94582325
0.56407815	0.7186901
0.56407815	0.49155688
0.56407815	0.2644237
0.56407815	0.037290525
0.56407815	-0.18984266
0.56407815	-0.41697583
0.56407815	-0.6441091
0.56407815	-0.8712422
0.56407815	-1.0983754
0.56407815	-1.3255086
0.56407815	-1.5526417
0.56407815	-1.7797749
0.56407815	-2.0069082
0.56407815	-2.2340415
0.56407815	-2.4611745
0.56407815	-2.6883078
0.56407815	-2.9154408
0.56407815	-3.142574
0.56407815	-3.3697073
0.56407815	-3.5968406
0.56407815	-3.8239737
0.56407815	-4.051107
0.56407815	-4.27824
0.56407815	-4.5053754
0.56407815	-4.732446
0.56407815	-4.9596395
0.7897094	5.0342207
0.7897094	4.807027
0.7897094	4.5799565
0.7897094	4.3528214
0.7897094	4.1256876
0.7897094	3.8985548
0.7897094	3.6714215
0.7897094	3.4442883
0.7897094	3.2171552
0.7897094	2.990022
0.7897094	2.7628887
0.7897094	2.5357556
0.7897094	2.3086224
0.7897094	2.081489
0.7897094	1.8543559
0.7897094	1.6272228
0.7897094	1.4000896
0.7897094	1.1729565
0.7897094	0.94582325
0.7897094	0.7186901
0.7897094	0.49155688
0.7897094	0.2644237
0.7897094	0.037290525
0.7897094	-0.18984266
0.7897094	-0.41697583
0.7897094	-0.6441091
0.7897094	-0.8712422
0.7897094	-1.0983754
0.7897094	-1.3255086
0.7897094	-1.5526417
0.7897094	-1.7797749
0.7897094	-2.0069082
0.7897094	-2.2340415
0.7897094	-2.4611745
0.7897094	-2.6883078
0.7897094	-2.9154408
0.7897094	-3.142574
0.7897094	-3.3697073
0.7897094	-3.5968406
0.7897094	-3.8239737
0.7897094	-4.051107
0.7897094	-4.27824
0.7897094	-4.5053754
0.7897094	-4.732446
0.7897094	-4.9596395
1.0153407	5.0342207
1.0153407	4.807027
1.0153407	4.5799565
1.0153407	4.3528214
1.0153407	4.1256876
1.0153407	3.8985548
1.0153407	3.6714215
1.0153407	3.4442883
1.0153407	3.2171552
1.0153407	2.990022
1.0153407	2.7628887
1.0153407	2.5357556
1.0153407	2.3086224
1.0153407	2.081489
1.0153407	1.8543559
1.0153407	1.6272228
1.0153407	1.4000896
1.0153407	1.1729565
1.0153407	0.94582325
1.0153407	0.7186901
1.0153407	0.49155688
1.0153407	0.2644237
1.0153407	0.037290525
1.0153407	-0.18984266
1.0153407	-0.41697583
1.0153407	-0.6441091
1.0153407	-0.8712422
1.0153407	-1.0983754
1.0153407	-1.3255086
1.0153407	-1.5526417
1.0153407	-1.7797749
1.0153407	-2.0069082
1.0153407	-2.2340415
1.0153407	-2.4611745
1.0153407	-2.6883078
1.0153407	-2.9154408
1.0153407	-3.142574
1.0153407	-3.3697073
1.0153407	-3.5968406
1.0153407	-3.8239737
1.0153407	-4.051107
1.0153407	-4.27824
1.0153407	-4.5053754
1.0153407	-4.732446
1.0153407	-4.9596395
1.2409719	5.0342207
1.2409719	4.807027
1.2409719	4.5799565
1.2409719	4.3528214
1.2409719	4.1256876
1.2409719	3.8985548
1.2409719	3.6714215
1.2409719	3.4442883
1.2409719	3.2171552
1.2409719	2.990022
1.2409719	2.7628887
1.2409719	2.5357556
1.2409719	2.3086224
1.2409719	2.081489
1.2409719	1.8543559
1.2409719	1.6272228
1.2409719	1.4000896
1.2409719	1.1729565
1.2409719	0.94582325
1.2409719	0.7186901
1.2409719	0.49155688
1.2409719	0.2644237
1.2409719	0.037290525
1.2409719	-0.18984266
1.2409719	-0.41697583
1.2409719	-0.6441091
1.2409719	-0.8712422
1.2409719	-1.0983754
1.2409719	-1.3255086
1.2409719	-1.5526417
1.2409719	-1.7797749
1.2409719	-2.0069082
1.2409719	-2.2340415
1.2409719	-2.4611745
1.2409719	-2.6883078
1.2409719	-2.9154408
1.2409719	-3.142574
1.2409719	-3.3697073
1.2409719	-3.5968406
1.2409719	-3.8239737
1.2409719	-4.051107
1.2409719	-4.27824
1.2409719	-4.5053754
1.2409719	-4.732446
1.2409719	-4.9596395
1.4666033	5.0342207
1.4666033	4.807027
1.4666033	4.5799565
1.4666033	4.3528214
1.4666033	4.1256876
1.4666033	3.8985548
1.4666033	3.6714215
1.4666033	3.4442883
1.4666033	3.2171552
1.4666033	2.990022
1.4666033	2.7628887
1.4666033	2.5357556
1.4666033	2.3086224
1.4666033	2.081489
1.4666033	1.8543559
1.4666033	1.6272228
1.4666033	1.4000896
1.4666033	1.1729565
1.4666033	0.94582325
1.4666033	0.7186901
1.4666033	0.49155688
1.4666033	0.2644237
1.4666033	0.037290525
1.4666033	-0.18984266
1.4666033	-0.41697583
1.4666033	-0.6441091
1.4666033	-0.8712422
1.4666033	-1.0983754
1.4666033	-1.3255086
1.4666033	-1.5526417
1.4666033	-1.7797749
1.4666033	-2.0069082
1.4666033	-2.2340415
1.4666033	-2.4611745
1.4666033	-2.6883078
1.4666033	-2.9154408
1.4666033	-3.142574
1.4666033	-3.3697073
1.4666033	-3.5968406
1.4666033	-3.8239737
1.4666033	-4.051107
1.4666033	-4.27824
1.4666033	-4.5053754
1.4666033	-4.732446
1.4666033	-4.9596395
1.6922345	5.0342207
1.6922345	4.807027
1.6922345	4.5799565
1.6922345	4.3528214
1.6922345	4.1256876
1.6922345	3.8985548
1.6922345	3.6714215
1.6922345	3.4442883
1.6922345	3.2171552
1.6922345	2.990022
1.6922345	2.7628887
1.6922345	2.5357556
1.6922345	2.3086224
1.6922345	2.081489
1.6922345	1.8543559
1.6922345	1.6272228
1.6922345	1.4000896
1.6922345	1.1729565
1.6922345	0.94582325
1.6922345	0.7186901
1.6922345	0.49155688
1.6922345	0.2644237
1.6922345	0.037290525
1.6922345	-0.18984266
1.6922345	-0.41697583
1.6922345	-0.6441091
1.6922345	-0.8712422
1.6922345	-1.0983754
1.6922345	-1.3255086
1.6922345	-1.5526417
1.6922345	-1.7797749
1.6922345	-2.0069082
1.6922345	-2.2340415
1.6922345	-2.4611745
1.6922345	-2.6883078
1.6922345	-2.9154408
1.6922345	-3.142574
1.6922345	-3.3697073
1.6922345	-3.5968406
1.6922345	-3.8239737
1.6922345	-4.051107
1.6922345	-4.27824
1.6922345	-4.5053754
1.6922345	-4.732446
1.6922345	-4.9596395
1.9178659	5.0342207
1.9178659	4.807027
1.9178659	4.5799565
1.9178659	4.3528214
1.9178659	4.1256876
1.9178659	3.8985548
1.9178659	3.6714215
1.9178659	3.4442883
1.9178659	3.2171552
1.9178659	2.990022
1.9178659	2.7628887
1.9178659	2.5357556
1.9178659	2.3086224
1.9178659	2.081489
1.9178659	1.8543559
1.9178659	1.6272228
1.9178659	1.4000896
1.9178659	1.1729565
1.9178659	0.94582325
1.9178659	0.7186901
1.9178659	0.49155688
1.9178659	0.2644237
1.9178659	0.037290525
1.9178659	-0.18984266
1.9178659	-0.41697583
1.9178659	-0.6441091
1.9178659	-0.8712422
1.9178659	-1.0983754
1.9178659	-1.3255086
1.9178659	-1.5526417
1.9178659	-1.7797749
1.9178659	-2.0069082
1.9178659	-2.2340415
1.9178659	-2.4611745
1.9178659	-2.6883078
1.9178659	-2.9154408
1.9178659	-3.142574
1.9178659	-3.3697073
1.9178659	-3.5968406
1.9178659	-3.8239737
1.9178659	-4.051107
1.9178659	-4.27824
1.9178659	-4.5053754
1.9178659	-4.732446
1.9178659	-4.9596395
2.143497	5.0342207
2.143497	4.807027
2.143497	4.5799565
2.143497	4.3528214
2.143497	4.1256876
2.143497	3.8985548
2.143497	3.6714215
2.143497	3.4442883
2.143497	3.2171552
2.143497	2.990022
2.143497	2.7628887
2.143497	2.5357556
2.143497	2.3086224
2.143497	2.081489
2.143497	1.8543559
2.143497	1.6272228
2.143497	1.4000896
2.143497	1.1729565
2.143497	0.94582325
2.143497	0.7186901
2.143497	0.49155688
2.143497	0.2644237
2.143497	0.037290525
2.143497	-0.18984266
2.143497	-0.41697583
2.143497	-0.6441091
2.143497	-0.8712422
2.143497	-1.0983754
2.143497	-1.3255086
2.143497	-1.5526417
2.143497	-1.7797749
2.143497	-2.0069082
2.143497	-2.2340415
2.143497	-2.4611745
2.143497	-2.6883078
2.143497	-2.9154408
2.143497	-3.142574
2.143497	-3.3697073
2.143497	-3.5968406
2.143497	-3.8239737
2.143497	-4.051107
2.143497	-4.27824
2.143497	-4.5053754
2.143497	-4.732446
2.143497	-4.9596395
2.3691282	5.0342207
2.3691282	4.807027
2.3691282	4.5799565
2.3691282	4.3528214
2.3691282	4.1256876
2.3691282	3.8985548
2.3691282	3.6714215
2.3691282	3.4442883
2.3691282	3.2171552
2.3691282	2.990022
2.3691282	2.7628887
2.3691282	2.5357556
2.3691282	2.3086224
2.3691282	2.081489
2.3691282	1.8543559
2.3691282	1.6272228
2.3691282	1.4000896
2.3691282	1.1729565
2.3691282	0.94582325
2.3691282	0.7186901
2.3691282	0.49155688
2.3691282	0.2644237
2.3691282	0.037290525
2.3691282	-0.18984266
2.3691282	-0.41697583
2.3691282	-0.6441091
2.3691282	-0.8712422
2.3691282	-1.0983754
2.3691282	-1.3255086
2.3691282	-1.5526417
2.3691282	-1.7797749
2.3691282	-2.0069082
2.3691282	-2.2340415
2.3691282	-2.4611745
2.3691282	-2.6883078
2.3691282	-2.9154408
2.3691282	-3.142574
2.3691282	-3.3697073
2.3691282	-3.5968406
2.3691282	-3.8239737
2.3691282	-4.051107
2.3691282	-4.27824
2.3691282	-4.5053754
2.3691282	-4.732446
2.3691282	-4.9596395
2.5947595	5.0342207
2.5947595	4.807027
2.5947595	4.5799565
2.5947595	4.3528214
2.5947595	4.1256876
2.5947595	3.8985548
2.5947595	3.6714215
2.5947595	3.4442883
2.5947595	3.2171552
2.5947595	2.990022
2.5947595	2.7628887
2.5947595	2.5357556
2.5947595	2.3086224
2.5947595	2.081489
2.5947595	1.8543559
2.5947595	1.6272228
2.5947595	1.4000896
2.5947595	1.1729565
2.5947595	0.94582325
2.5947595	0.7186901
2.5947595	0.49155688
2.5947595	0.2644237
2.5947595	0.037290525
2.5947595	-0.18984266
2.5947595	-0.41697583
2.5947595	-0.6441091
2.5947595	-0.8712422
2.5947595	-1.0983754
2.5947595	-1.3255086
2.5947595	-1.5526417
2.5947595	-1.7797749
2.5947595	-2.0069082
2.5947595	-2.2340415
2.5947595	-2.4611745
2.5947595	-2.6883078
2.5947595	-2.9154408
2.5947595	-3.142574
2.5947595	-3.3697073
2.5947595	-3.5968406
2.5947595	-3.8239737
2.5947595	-4.051107
2.5947595	-4.27824
2.5947595	-4.5053754
2.5947595	-4.732446
2.5947595	-4.9596395
2.8203907	5.0342207
2.8203907	4.807027
2.8203907	4.5799565
2.8203907	4.3528214
2.8203907	4.1256876
2.8203907	3.8985548
2.8203907	3.6714215
2.8203907	3.4442883
2.8203907	3.2171552
2.8203907	2.990022
2.8203907	2.7628887
2.8203907	2.5357556
2.8203907	2.3086224
2.8203907	2.081489
2.8203907	1.8543559
2.8203907	1.6272228
2.8203907	1.4000896
2.8203907	1.1729565
2.8203907	0.94582325
2.8203907	0.7186901
2.8203907	0.49155688
2.8203907	0.2644237
2.8203907	0.037290525
2.8203907	-0.18984266
2.8203907	-0.41697583
2.8203907	-0.6441091
2.8203907	-0.8712422
2.8203907	-1.0983754
2.8203907	-1.3255086
2.8203907	-1.5526417
2.8203907	-1.7797749
2.8203907	-2.0069082
2.8203907	-2.2340415
2.8203907	-2.4611745
2.8203907	-2.6883078
2.8203907	-2.9154408
2.8203907	-3.142574
2.8203907	-3.3697073
2.8203907	-3.5968406
2.8203907	-3.8239737
2.8203907	-4.051107
2.8203907	-4.27824
2.8203907	-4.5053754
2.8203907	-4.732446
2.8203907	-4.9596395
3.0460222	5.0342207
3.0460222	4.807027
3.0460222	4.5799565
3.0460222	4.3528214
3.0460222	4.1256876
3.0460222	3.8985548
3.0460222	3.6714215
3.0460222	3.4442883
3.0460222	3.2171552
3.0460222	2.990022
3.0460222	2.7628887
3.0460222	2.5357556
3.0460222	2.3086224
3.0460222	2.081489
3.0460222	1.8543559
3.0460222	1.6272228
3.0460222	1.4000896
3.0460222	1.1729565
3.0460222	0.94582325
3.0460222	0.7186901
3.0460222	0.49155688
3.0460222	0.2644237
3.0460222	0.037290525
3.0460222	-0.18984266
3.0460222	-0.41697583
3.0460222	-0.6441091
3.0460222	-0.8712422
3.0460222	-1.0983754
3.0460222	-1.3255086
3.0460222	-1.5526417
3.0460222	-1.7797749
3.0460222	-2.0069082
3.0460222	-2.2340415
3.0460222	-2.4611745
3.0460222	-2.6883078
3.0460222	-2.9154408
3.0460222	-3.142574
3.0460222	-3.3697073
3.0460222	-3.5968406
3.0460222	-3.8239737
3.0460222	-4.051107
3.0460222	-4.27824
3.0460222	-4.5053754
3.0460222	-4.732446
3.0460222	-4.9596395
3.2716534	5.0342207
3.2716534	4.807027
3.2716534	4.5799565
3.2716534	4.3528214
3.2716534	4.1256876
3.2716534	3.8985548
3.2716534	3.6714215
3.2716534	3.4442883
3.2716534	3.2171552
3.2716534	2.990022
3.2716534	2.7628887
3.2716534	2.5357556
3.2716534	2.3086224
3.2716534	2.081489
3.2716534	1.8543559
3.2716534	1.6272228
3.2716534	1.4000896
3.2716534	1.1729565
3.2716534	0.94582325
3.2716534	0.7186901
3.2716534	0.49155688
3.2716534	0.2644237
3.2716534	0.037290525
3.2716534	-0.18984266
3.2716534	-0.41697583
3.2716534	-0.6441091
3.2716534	-0.8712422
3.2716534	-1.0983754
3.2716534	-1.3255086
3.2716534	-1.5526417
3.2716534	-1.7797749
3.2716534	-2.0069082
3.2716534	-2.2340415
3.2716534	-2.4611745
3.2716534	-2.6883078
3.2716534	-2.9154408
3.2716534	-3.142574
3.2716534	-3.3697073
3.2716534	-3.5968406
3.2716534	-3.8239737
3.2716534	-4.051107
3.2716534	-4.27824
3.2716534	-4.5053754
3.2716534	-4.732446
3.2716534	-4.9596395
3.4972844	5.0342207
3.4972844	4.807027
3.4972844	4.5799565
3.4972844	4.3528214
3.4972844	4.1256876
3.4972844	3.8985548
3.4972844	3.6714215
3.4972844	3.4442883
3.4972844	3.2171552
3.4972844	2.990022
3.4972844	2.7628887
3.4972844	2.5357556
3.4972844	2.3086224
3.4972844	2.081489
3.4972844	1.8543559
3.4972844	1.6272228
3.4972844	1.4000896
3.4972844	1.1729565
3.4972844	0.94582325
3.4972844	0.7186901
3.4972844	0.49155688
3.4972844	0.2644237
3.4972844	0.037290525
3.4972844	-0.18984266
3.4972844	-0.41697583
3.4972844	-0.6441091
3.4972844	-0.8712422
3.4972844	-1.0983754
3.4972844	-1.3255086
3.4972844	-1.5526417
3.4972844	-1.7797749
3.4972844	-2.0069082
3.4972844	-2.2340415
3.4972844	-2.4611745
3.4972844	-2.6883078
3.4972844	-2.9154408
3.4972844	-3.142574
3.4972844	-3.3697073
3.4972844	-3.5968406
3.4972844	-3.8239737
3.4972844	-4.051107
3.4972844	-4.27824
3.4972844	-4.5053754
3.4972844	-4.732446
3.4972844	-4.9596395
3.722916	5.0342207
3.722916	4.807027
3.722916	4.5799565
3.722916	4.3528214
3.722916	4.1256876
3.722916	3.8985548
3.722916	3.6714215
3.722916	3.4442883
3.722916	3.2171552
3.722916	2.990022
3.722916	2.7628887
3.722916	2.5357556
3.722916	2.3086224
3.722916	2.081489
3.722916	1.8543559
3.722916	1.6272228
3.722916	1.4000896
3.722916	1.1729565
3.722916	0.94582325
3.722916	0.7186901
3.722916	0.49155688
3.722916	0.2644237
3.722916	0.037290525
3.722916	-0.18984266
3.722916	-0.41697583
3.722916	-0.6441091
3.722916	-0.8712422
3.722916	-1.0983754
3.722916	-1.3255086
3.722916	-1.5526417
3.722916	-1.7797749
3.722916	-2.0069082
3.722916	-2.2340415
3.722916	-2.4611745
3.722916	-2.6883078
3.722916	-2.9154408
3.722916	-3.142574
3.722916	-3.3697073
3.722916	-3.5968406
3.722916	-3.8239737
3.722916	-4.051107
3.722916	-4.27824
3.722916	-4.5053754
3.722916	-4.732446
3.722916	-4.9596395
3.9485471	5.0342207
3.9485471	4.807027
3.9485471	4.5799565
3.9485471	4.3528214
3.9485471	4.1256876
3.9485471	3.8985548
3.9485471	3.6714215
3.9485471	3.4442883
3.9485471	3.2171552
3.9485471	2.990022
3.9485471	2.7628887
3.9485471	2.5357556
3.9485471	2.3086224
3.9485471	2.081489
3.9485471	1.8543559
3.9485471	1.6272228
3.9485471	1.4000896
3.9485471	1.1729565
3.9485471	0.94582325
3.9485471	0.7186901
3.9485471	0.49155688
3.9485471	0.2644237
3.9485471	0.037290525
3.9485471	-0.18984266
3.9485471	-0.41697583
3.9485471	-0.6441091
3.9485471	-0.8712422
3.9485471	-1.0983754
3.9485471	-1.3255086
3.9485471	-1.5526417
3.9485471	-1.7797749
3.9485471	-2.0069082
3.9485471	-2.2340415
3.9485471	-2.4611745
3.9485471	-2.6883078
3.9485471	-2.9154408
3.9485471	-3.142574
3.9485471	-3.3697073
3.9485471	-3.5968406
3.9485471	-3.8239737
3.9485471	-4.051107
3.9485471	-4.27824
3.9485471	-4.5053754
3.9485471	-4.732446
3.9485471	-4.9596395
4.174178	5.0342207
4.174178	4.807027
4.174178	4.5799565
4.174178	4.3528214
4.174178	4.1256876
4.174178	3.8985548
4.174178	3.6714215
4.174178	3.4442883
4.174178	3.2171552
4.174178	2.990022
4.174178	2.7628887
4.174178	2.5357556
4.174178	2.3086224
4.174178	2.081489
4.174178	1.8543559
4.174178	1.6272228
4.174178	1.4000896
4.174178	1.1729565
4.174178	0.94582325
4.174178	0.7186901
4.174178	0.49155688
4.174178	0.2644237
4.174178	0.037290525
4.174178	-0.18984266
4.174178	-0.41697583
4.174178	-0.6441091
4.174178	-0.8712422
4.174178	-1.0983754
4.174178	-1.3255086
4.174178	-1.5526417
4.174178	-1.7797749
4.174178	-2.0069082
4.174178	-2.2340415
4.174178	-2.4611745
4.174178	-2.6883078
4.174178	-2.9154408
4.174178	-3.142574
4.174178	-3.3697073
4.174178	-3.5968406
4.174178	-3.8239737
4.174178	-4.051107
4.174178	-4.27824
4.174178	-4.5053754
4.174178	-4.732446
4.174178	-4.9596395
4.39981	5.0342207
4.39981	4.807027
4.39981	4.5799565
4.39981	4.3528214
4.39981	4.1256876
4.39981	3.8985548
4.39981	3.6714215
4.39981	3.4442883
4.39981	3.2171552
4.39981	2.990022
4.39981	2.7628887
4.39981	2.5357556
4.39981	2.3086224
4.39981	2.081489
4.39981	1.8543559
4.39981	1.6272228
4.39981	1.4000896
4.39981	1.1729565
4.39981	0.94582325
4.39981	0.7186901
4.39981	0.49155688
4.39981	0.2644237
4.39981	0.037290525
4.39981	-0.18984266
4.39981	-0.41697583
4.39981	-0.6441091
4.39981	-0.8712422
4.39981	-1.0983754
4.39981	-1.3255086
4.39981	-1.5526417
4.39981	-1.7797749
4.39981	-2.0069082
4.39981	-2.2340415
4.39981	-2.4611745
4.39981	-2.6883078
4.39981	-2.9154408
4.39981	-3.142574
4.39981	-3.3697073
4.39981	-3.5968406
4.39981	-3.8239737
4.39981	-4.051107
4.39981	-4.27824
4.39981	-4.5053754
4.39981	-4.732446
4.39981	-4.9596395
4.625441	5.0342207
4.625441	4.807027
4.625441	4.5799565
4.625441	4.3528214
4.625441	4.1256876
4.625441	3.8985548
4.625441	3.6714215
4.625441	3.4442883
4.625441	3.2171552
4.625441	2.990022
4.625441	2.7628887
4.625441	2.5357556
4.625441	2.3086224
4.625441	2.081489
4.625441	1.8543559
4.625441	1.6272228
4.625441	1.4000896
4.625441	1.1729565
4.625441	0.94582325
4.625441	0.7186901
4.625441	0.49155688
4.625441	0.2644237
4.625441	0.037290525
4.625441	-0.18984266
4.625441	-0.41697583
4.625441	-0.6441091
4.625441	-0.8712422
4.625441	-1.0983754
4.625441	-1.3255086
4.625441	-1.5526417
4.625441	-1.7797749
4.625441	-2.0069082
4.625441	-2.2340415
4.625441	-2.4611745
4.625441	-2.6883078
4.625441	-2.9154408
4.625441	-3.142574
4.625441	-3.3697073
4.625441	-3.5968406
4.625441	-3.8239737
4.625441	-4.051107
4.625441	-4.27824
4.625441	-4.5053754
4.625441	-4.732446
4.625441	-4.9596395
4.851072	5.0342207
4.851072	4.807027
4.851072	4.5799565
4.851072	4.3528214
4.851072	4.1256876
4.851072	3.8985548
4.851072	3.6714215
4.851072	3.4442883
4.851072	3.2171552
4.851072	2.990022
4.851072	2.7628887
4.851072	2.5357556
4.851072	2.3086224
4.851072	2.081489
4.851072	1.8543559
4.851072	1.6272228
4.851072	1.4000896
4.851072	1.1729565
4.851072	0.94582325
4.851072	0.7186901
4.851072	0.49155688
4.851072	0.2644237
4.851072	0.037290525
4.851072	-0.18984266
4.851072	-0.41697583
4.851072	-0.6441091
4.851072	-0.8712422
4.851072	-1.0983754
4.851072	-1.3255086
4.851072	-1.5526417
4.851072	-1.7797749
4.851072	-2.0069082
4.851072	-2.2340415
4.851072	-2.4611745
4.851072	-2.6883078
4.851072	-2.9154408
4.851072	-3.142574
4.851072	-3.3697073
4.851072	-3.5968406
4.851072	-3.8239737
4.851072	-4.051107
4.851072	-4.27824
4.851072	-4.5053754
4.851072	-4.732446
4.851072	-4.9596395
5.0767035	5.0342207
5.0767035	4.807027
5.0767035	4.5799565
5.0767035	4.3528214
5.0767035	4.1256876
5.0767035	3.8985548
5.0767035	3.6714215
5.0767035	3.4442883
5.0767035	3.2171552
5.0767035	2.990022
5.0767035	2.7628887
5.0767035	2.5357556
5.0767035	2.3086224
5.0767035	2.081489
5.0767035	1.8543559
5.0767035	1.6272228
5.0767035	1.4000896
5.0767035	1.1729565
5.0767035	0.94582325
5.0767035	0.7186901
5.0767035	0.49155688
5.0767035	0.2644237
5.0767035	0.037290525
5.0767035	-0.18984266
5.0767035	-0.41697583
5.0767035	-0.6441091
5.0767035	-0.8712422
5.0767035	-1.0983754
5.0767035	-1.3255086
5.0767035	-1.5526417
5.0767035	-1.7797749
5.0767035	-2.0069082
5.0767035	-2.2340415
5.0767035	-2.4611745
5.0767035	-2.6883078
5.0767035	-2.9154408
5.0767035	-3.142574
5.0767035	-3.3697073
5.0767035	-3.5968406
5.0767035	-3.8239737
5.0767035	-4.051107
5.0767035	-4.27824
5.0767035	-4.5053754
5.0767035	-4.732446
5.0767035	-4.9596395
5.302335	5.0342207
5.302335	4.807027
5.302335	4.5799565
5.302335	4.3528214
5.302335	4.1256876
5.302335	3.8985548
5.302335	3.6714215
5.302335	3.4442883
5.302335	3.2171552
5.302335	2.990022
5.302335	2.7628887
5.302335	2.5357556
5.302335	2.3086224
5.302335	2.081489
5.302335	1.8543559
5.302335	1.6272228
5.302335	1.4000896
5.302335	1.1729565
5.302335	0.94582325
5.302335	0.7186901
5.302335	0.49155688
5.302335	0.2644237
5.302335	0.037290525
5.302335	-0.18984266
5.302335	-0.41697583
5.302335	-0.6441091
5.302335	-0.8712422
5.302335	-1.0983754
5.302335	-1.3255086
5.302335	-1.5526417
5.302335	-1.7797749
5.302335	-2.0069082
5.302335	-2.2340415
5.302335	-2.4611745
5.302335	-2.6883078
5.302335	-2.9154408
5.302335	-3.142574
5.302335	-3.3697073
5.302335	-3.5968406
5.302335	-3.8239737
5.302335	-4.051107
5.302335	-4.27824
5.302335	-4.5053754
5.302335	-4.732446
5.302335	-4.9596395
5.527966	5.0342207
5.527966	4.807027
5.527966	4.5799565
5.527966	4.3528214
5.527966	4.1256876
5.527966	3.8985548
5.527966	3.6714215
5.527966	3.4442883
5.527966	3.2171552
5.527966	2.990022
5.527966	2.7628887
5.527966	2.5357556
5.527966	2.3086224
5.527966	2.081489
5.527966	1.8543559
5.527966	1.6272228
5.527966	1.4000896
5.527966	1.1729565
5.527966	0.94582325
5.527966	0.7186901
5.527966	0.49155688
5.527966	0.2644237
5.527966	0.037290525
5.527966	-0.18984266
5.527966	-0.41697583
5.527966	-0.6441091
5.527966	-0.8712422
5.527966	-1.0983754
5.527966	-1.3255086
5.527966	-1.5526417
5.527966	-1.7797749
5.527966	-2.0069082
5.527966	-2.2340415
5.527966	-2.4611745
5.527966	-2.6883078
5.527966	-2.9154408
5.527966	-3.142574
5.527966	-3.3697073
5.527966	-3.5968406
5.527966	-3.8239737
5.527966	-4.051107
5.527966	-4.27824
5.527966	-4.5053754
5.527966	-4.732446
5.527966	-4.9596395
5.7535973	5.0342207
5.7535973	4.807027
5.7535973	4.5799565
5.7535973	4.3528214
5.7535973	4.1256876
5.7535973	3.8985548
5.7535973	3.6714215
5.7535973	3.4442883
5.7535973	3.2171552
5.7535973	2.990022
5.7535973	2.7628887
5.7535973	2.5357556
5.7535973	2.3086224
5.7535973	2.081489
5.7535973	1.8543559
5.7535973	1.6272228
5.7535973	1.4000896
5.7535973	1.1729565
5.7535973	0.94582325
5.7535973	0.7186901
5.7535973	0.49155688
5.7535973	0.2644237
5.7535973	0.037290525
5.7535973	-0.18984266
5.7535973	-0.41697583
5.7535973	-0.6441091
5.7535973	-0.8712422
5.7535973	-1.0983754
5.7535973	-1.3255086
5.7535973	-1.5526417
5.7535973	-1.7797749
5.7535973	-2.0069082
5.7535973	-2.2340415
5.7535973	-2.4611745
5.7535973	-2.6883078
5.7535973	-2.9154408
5.7535973	-3.142574
5.7535973	-3.3697073
5.7535973	-3.5968406
5.7535973	-3.8239737
5.7535973	-4.051107
5.7535973	-4.27824
5.7535973	-4.5053754
5.7535973	-4.732446
5.7535973	-4.9596395
5.9792285	5.0342207
5.9792285	4.807027
5.9792285	4.5799565
5.9792285	4.3528214
5.9792285	4.1256876
5.9792285	3.8985548
5.9792285	3.6714215
5.9792285	3.4442883
5.9792285	3.2171552
5.9792285	2.990022
5.9792285	2.7628887
5.9792285	2.5357556
5.9792285	2.3086224
5.9792285	2.081489
5.9792285	1.8543559
5.9792285	1.6272228
5.9792285	1.4000896
5.9792285	1.1729565
5.9792285	0.94582325
5.9792285	0.7186901
5.9792285	0.49155688
5.9792285	0.2644237
5.9792285	0.037290525
5.9792285	-0.18984266
5.9792285	-0.41697583
5.9792285	-0.6441091
5.9792285	-0.8712422
5.9792285	-1.0983754
5.9792285	-1.3255086
5.9792285	-1.5526417
5.9792285	-1.7797749
5.9792285	-2.0069082
5.9792285	-2.2340415
5.9792285	-2.4611745
5.9792285	-2.6883078
5.9792285	-2.9154408
5.9792285	-3.142574
5.9792285	-3.3697073
5.9792285	-3.5968406
5.9792285	-3.8239737
5.9792285	-4.051107
5.9792285	-4.27824
5.9792285	-4.5053754
5.9792285	-4.732446
5.9792285	-4.9596395
6.2048597	5.0342207
6.2048597	4.807027
6.2048597	4.5799565
6.2048597	4.3528214
6.2048597	4.1256876
6.2048597	3.8985548
6.2048597	3.6714215
6.2048597	3.4442883
6.2048597	3.2171552
6.2048597	2.990022
6.2048597	2.7628887
6.2048597	2.5357556
6.2048597	2.3086224
6.2048597	2.081489
6.2048597	1.8543559
6.2048597	1.6272228
6.2048597	1.4000896
6.2048597	1.1729565
6.2048597	0.94582325
6.2048597	0.7186901
6.2048597	0.49155688
6.2048597	0.2644237
6.2048597	0.037290525
6.2048597	-0.18984266
6.2048597	-0.41697583
6.2048597	-0.6441091
6.2048597	-0.8712422
6.2048597	-1.0983754
6.2048597	-1.3255086
6.2048597	-1.5526417
6.2048597	-1.7797749
6.2048597	-2.0069082
6.2048597	-2.2340415
6.2048597	-2.4611745
6.2048597	-2.6883078
6.2048597	-2.9154408
6.2048597	-3.142574
6.2048597	-3.3697073
6.2048597	-3.5968406
6.2048597	-3.8239737
6.2048597	-4.051107
6.2048597	-4.27824
6.2048597	-4.5053754
6.2048597	-4.732446
6.2048597	-4.9596395
6.430491	5.0342207
6.430491	4.807027
6.430491	4.5799565
6.430491	4.3528214
6.430491	4.1256876
6.430491	3.8985548
6.430491	3.6714215
6.430491	3.4442883
6.430491	3.2171552
6.430491	2.990022
6.430491	2.7628887
6.430491	2.5357556
6.430491	2.3086224
6.430491	2.081489
6.430491	1.8543559
6.430491	1.6272228
6.430491	1.4000896
6.430491	1.1729565
6.430491	0.94582325
6.430491	0.7186901
6.430491	0.49155688
6.430491	0.2644237
6.430491	0.037290525
6.430491	-0.18984266
6.430491	-0.41697583
6.430491	-0.6441091
6.430491	-0.8712422
6.430491	-1.0983754
6.430491	-1.3255086
6.430491	-1.5526417
6.430491	-1.7797749
6.430491	-2.0069082
6.430491	-2.2340415
6.430491	-2.4611745
6.430491	-2.6883078
6.430491	-2.9154408
6.430491	-3.142574
6.430491	-3.3697073
6.430491	-3.5968406
6.430491	-3.8239737
6.430491	-4.051107
6.430491	-4.27824
6.430491	-4.5053754
6.430491	-4.732446
6.430491	-4.9596395
6.656122	5.0342207
6.656122	4.807027
6.656122	4.5799565
6.656122	4.3528214
6.656122	4.1256876
6.656122	3.8985548
6.656122	3.6714215
6.656122	3.4442883
6.656122	3.2171552
6.656122	2.990022
6.656122	2.7628887
6.656122	2.5357556
6.656122	2.3086224
6.656122	2.081489
6.656122	1.8543559
6.656122	1.6272228
6.656122	1.4000896
6.656122	1.1729565
6.656122	0.94582325
6.656122	0.7186901
6.656122	0.49155688
6.656122	0.2644237
6.656122	0.037290525
6.656122	-0.18984266
6.656122	-0.41697583
6.656122	-0.6441091
6.656122	-0.8712422
6.656122	-1.0983754
6.656122	-1.3255086
6.656122	-1.5526417
6.656122	-1.7797749
6.656122	-2.0069082
6.656122	-2.2340415
6.656122	-2.4611745
6.656122	-2.6883078
6.656122	-2.9154408
6.656122	-3.142574
6.656122	-3.3697073
6.656122	-3.5968406
6.656122	-3.8239737
6.656122	-4.051107
6.656122	-4.27824
6.656122	-4.5053754
6.656122	-4.732446
6.656122	-4.9596395
6.881754	5.0342207
6.881754	4.807027
6.881754	4.5799565
6.881754	4.3528214
6.881754	4.1256876
6.881754	3.8985548
6.881754	3.6714215
6.881754	3.4442883
6.881754	3.2171552
6.881754	2.990022
6.881754	2.7628887
6.881754	2.5357556
6.881754	2.3086224
6.881754	2.081489
6.881754	1.8543559
6.881754	1.6272228
6.881754	1.4000896
6.881754	1.1729565
6.881754	0.94582325
6.881754	0.7186901
6.881754	0.49155688
6.881754	0.2644237
6.881754	0.037290525
6.881754	-0.18984266
6.881754	-0.41697583
6.881754	-0.6441091
6.881754	-0.8712422
6.881754	-1.0983754
6.881754	-1.3255086
6.881754	-1.5526417
6.881754	-1.7797749
6.881754	-2.0069082
6.881754	-2.2340415
6.881754	-2.4611745
6.881754	-2.6883078
6.881754	-2.9154408
6.881754	-3.142574
6.881754	-3.3697073
6.881754	-3.5968406
6.881754	-3.8239737
6.881754	-4.051107
6.881754	-4.27824
6.881754	-4.5053754
6.881754	-4.732446
6.881754	-4.9596395
7.1073847	5.0342207
7.1073847	4.807027
7.1073847	4.5799565
7.1073847	4.3528214
7.1073847	4.1256876
7.1073847	3.8985548
7.1073847	3.6714215
7.1073847	3.4442883
7.1073847	3.2171552
7.1073847	2.990022
7.1073847	2.7628887
7.1073847	2.5357556
7.1073847	2.3086224
7.1073847	2.081489
7.1073847	1.8543559
7.1073847	1.6272228
7.1073847	1.4000896
7.1073847	1.1729565
7.1073847	0.94582325
7.1073847	0.7186901
7.1073847	0.49155688
7.1073847	0.2644237
7.1073847	0.037290525
7.1073847	-0.18984266
7.1073847	-0.41697583
7.1073847	-0.6441091
7.1073847	-0.8712422
7.1073847	-1.0983754
7.1073847	-1.3255086
7.1073847	-1.5526417
7.1073847	-1.7797749
7.1073847	-2.0069082
7.1073847	-2.2340415
7.1073847	-2.4611745
7.1073847	-2.6883078
7.1073847	-2.9154408
7.1073847	-3.142574
7.1073847	-3.3697073
7.1073847	-3.5968406
7.1073847	-3.8239737
7.1073847	-4.051107
7.1073847	-4.27824
7.1073847	-4.5053754
7.1073847	-4.732446
7.1073847	-4.9596395
7.333016	5.0342207
7.333016	4.807027
7.333016	4.5799565
7.333016	4.3528214
7.333016	4.1256876
7.333016	3.8985548
7.333016	3.6714215
7.333016	3.4442883
7.333016	3.2171552
7.333016	2.990022
7.333016	2.7628887
7.333016	2.5357556
7.333016	2.3086224
7.333016	2.081489
7.333016	1.8543559
7.333016	1.6272228
7.333016	1.4000896
7.333016	1.1729565
7.333016	0.94582325
7.333016	0.7186901
7.333016	0.49155688
7.333016	0.2644237
7.333016	0.037290525
7.333016	-0.18984266
7.333016	-0.41697583
7.333016	-0.6441091
7.333016	-0.8712422
7.333016	-1.0983754
7.333016	-1.3255086
7.333016	-1.5526417
7.333016	-1.7797749
7.333016	-2.0069082
7.333016	-2.2340415
7.333016	-2.4611745
7.333016	-2.6883078
7.333016	-2.9154408
7.333016	-3.142574
7.333016	-3.3697073
7.333016	-3.5968406
7.333016	-3.8239737
7.333016	-4.051107
7.333016	-4.27824
7.333016	-4.5053754
7.333016	-4.732446
7.333016	-4.9596395
7.5586476	5.0342207
7.5586476	4.807027
7.5586476	4.5799565
7.5586476	4.3528214
7.5586476	4.1256876
7.5586476	3.8985548
7.5586476	3.6714215
7.5586476	3.4442883
7.5586476	3.2171552
7.5586476	2.990022
7.5586476	2.7628887
7.5586476	2.5357556
7.5586476	2.3086224
7.5586476	2.081489
7.5586476	1.8543559
7.5586476	1.6272228
7.5586476	1.4000896
7.5586476	1.1729565
7.5586476	0.94582325
7.5586476	0.7186901
7.5586476	0.49155688
7.5586476	0.2644237
7.5586476	0.037290525
7.5586476	-0.18984266
7.5586476	-0.41697583
7.5586476	-0.6441091
7.5586476	-0.8712422
7.5586476	-1.0983754
7.5586476	-1.3255086
7.5586476	-1.5526417
7.5586476	-1.7797749
7.5586476	-2.0069082
7.5586476	-2.2340415
7.5586476	-2.4611745
7.5586476	-2.6883078
7.5586476	-2.9154408
7.5586476	-3.142574
7.5586476	-3.3697073
7.5586476	-3.5968406
7.5586476	-3.8239737
7.5586476	-4.051107
7.5586476	-4.27824
7.5586476	-4.5053754
7.5586476	-4.732446
7.5586476	-4.9596395
7.784279	5.0342207
7.784279	4.807027
7.784279	4.5799565
7.784279	4.3528214
7.784279	4.1256876
7.784279	3.8985548
7.784279	3.6714215
7.784279	3.4442883
7.784279	3.2171552
7.784279	2.990022
7.784279	2.7628887
7.784279	2.5357556
7.784279	2.3086224
7.784279	2.081489
7.784279	1.8543559
7.784279	1.6272228
7.784279	1.4000896
7.784279	1.1729565
7.784279	0.94582325
7.784279	0.7186901
7.784279	0.49155688
7.784279	0.2644237
7.784279	0.037290525
7.784279	-0.18984266
7.784279	-0.41697583
7.784279	-0.6441091
7.784279	-0.8712422
7.784279	-1.0983754
7.784279	-1.3255086
7.784279	-1.5526417
7.784279	-1.7797749
7.784279	-2.0069082
7.784279	-2.2340415
7.784279	-2.4611745
7.784279	-2.6883078
7.784279	-2.9154408
7.784279	-3.142574
7.784279	-3.3697073
7.784279	-3.5968406
7.784279	-3.8239737
7.784279	-4.051107
7.784279	-4.27824
7.784279	-4.5053754
7.784279	-4.732446
7.784279	-4.9596395
8.009911	5.0342207
8.009911	4.807027
8.009911	4.5799565
8.009911	4.3528214
8.009911	4.1256876
8.009911	3.8985548
8.009911	3.6714215
8.009911	3.4442883
8.009911	3.2171552
8.009911	2.990022
8.009911	2.7628887
8.009911	2.5357556
8.009911	2.3086224
8.009911	2.081489
8.009911	1.8543559
8.009911	1.6272228
8.009911	1.4000896
8.009911	1.1729565
8.009911	0.94582325
8.009911	0.7186901
8.009911	0.49155688
8.009911	0.2644237
8.009911	0.037290525
8.009911	-0.18984266
8.009911	-0.41697583
8.009911	-0.6441091
8.009911	-0.8712422
8.009911	-1.0983754
8.009911	-1.3255086
8.009911	-1.5526417
8.009911	-1.7797749
8.009911	-2.0069082
8.009911	-2.2340415
8.009911	-2.4611745
8.009911	-2.6883078
8.009911	-2.9154408
8.009911	-3.142574
8.009911	-3.3697073
8.009911	-3.5968406
8.009911	-3.8239737
8.009911	-4.051107
8.009911	-4.27824
8.009911	-4.5053754
8.009911	-4.732446
8.009911	-4.9596395
8.23554	5.0342207
8.23554	4.807027
8.23554	4.5799565
8.23554	4.3528214
8.23554	4.1256876
8.23554	3.8985548
8.23554	3.6714215
8.23554	3.4442883
8.23554	3.2171552
8.23554	2.990022
8.23554	2.7628887
8.23554	2.5357556
8.23554	2.3086224
8.23554	2.081489
8.23554	1.8543559
8.23554	1.6272228
8.23554	1.4000896
8.23554	1.1729565
8.23554	0.94582325
8.23554	0.7186901
8.23554	0.49155688
8.23554	0.2644237
8.23554	0.037290525
8.23554	-0.18984266
8.23554	-0.41697583
8.23554	-0.6441091
8.23554	-0.8712422
8.23554	-1.0983754
8.23554	-1.3255086
8.23554	-1.5526417
8.23554	-1.7797749
8.23554	-2.0069082
8.23554	-2.2340415
8.23554	-2.4611745
8.23554	-2.6883078
8.23554	-2.9154408
8.23554	-3.142574
8.23554	-3.3697073
8.23554	-3.5968406
8.23554	-3.8239737
8.23554	-4.051107
8.23554	-4.27824
8.23554	-4.5053754
8.23554	-4.732446
8.23554	-4.9596395
8.461174	5.0342207
8.461174	4.807027
8.461174	4.5799565
8.461174	4.3528214
8.461174	4.1256876
8.461174	3.8985548
8.461174	3.6714215
8.461174	3.4442883
8.461174	3.2171552
8.461174	2.990022
8.461174	2.7628887
8.461174	2.5357556
8.461174	2.3086224
8.461174	2.081489
8.461174	1.8543559
8.461174	1.6272228
8.461174	1.4000896
8.461174	1.1729565
8.461174	0.94582325
8.461174	0.7186901
8.461174	0.49155688
8.461174	0.2644237
8.461174	0.037290525
8.461174	-0.18984266
8.461174	-0.41697583
8.461174	-0.6441091
8.461174	-0.8712422
8.461174	-1.0983754
8.461174	-1.3255086
8.461174	-1.5526417
8.461174	-1.7797749
8.461174	-2.0069082
8.461174	-2.2340415
8.461174	-2.4611745
8.461174	-2.6883078
8.461174	-2.9154408
8.461174	-3.142574
8.461174	-3.3697073
8.461174	-3.5968406
8.461174	-3.8239737
8.461174	-4.051107
8.461174	-4.27824
8.461174	-4.5053754
8.461174	-4.732446
8.461174	-4.9596395
8.6867695	5.0342207
8.6867695	4.807027
8.6867695	4.5799565
8.6867695	4.3528214
8.6867695	4.1256876
8.6867695	3.8985548
8.6867695	3.6714215
8.6867695	3.4442883
8.6867695	3.2171552
8.6867695	2.990022
8.6867695	2.7628887
8.6867695	2.5357556
8.6867695	2.3086224
8.6867695	2.081489
8.6867695	1.8543559
8.6867695	1.6272228
8.6867695	1.4000896
8.6867695	1.1729565
8.6867695	0.94582325
8.6867695	0.7186901
8.6867695	0.49155688
8.6867695	0.2644237
8.6867695	0.037290525
8.6867695	-0.18984266
8.6867695	-0.41697583
8.6867695	-0.6441091
8.6867695	-0.8712422
8.6867695	-1.0983754
8.6867695	-1.3255086
8.6867695	-1.5526417
8.6867695	-1.7797749
8.6867695	-2.0069082
8.6867695	-2.2340415
8.6867695	-2.4611745
8.6867695	-2.6883078
8.6867695	-2.9154408
8.6867695	-3.142574
8.6867695	-3.3697073
8.6867695	-3.5968406
8.6867695	-3.8239737
8.6867695	-4.051107
8.6867695	-4.27824
8.6867695	-4.5053754
8.6867695	-4.732446
8.6867695	-4.9596395
8.912435	5.0342207
8.912435	4.807027
8.912435	4.5799565
8.912435	4.3528214
8.912435	4.1256876
8.912435	3.8985548
8.912435	3.6714215
8.912435	3.4442883
8.912435	3.2171552
8.912435	2.990022
8.912435	2.7628887
8.912435	2.5357556
8.912435	2.3086224
8.912435	2.081489
8.912435	1.8543559
8.912435	1.6272228
8.912435	1.4000896
8.912435	1.1729565
8.912435	0.94582325
8.912435	0.7186901
8.912435	0.49155688
8.912435	0.2644237
8.912435	0.037290525
8.912435	-0.18984266
8.912435	-0.41697583
8.912435	-0.6441091
8.912435	-0.8712422
8.912435	-1.0983754
8.912435	-1.3255086
8.912435	-1.5526417
8.912435	-1.7797749
8.912435	-2.0069082
8.912435	-2.2340415
8.912435	-2.4611745
8.912435	-2.6883078
8.912435	-2.9154408
8.912435	-3.142574
8.912435	-3.3697073
8.912435	-3.5968406
8.912435	-3.8239737
8.912435	-4.051107
8.912435	-4.27824
8.912435	-4.5053754
8.912435	-4.732446
8.912435	-4.9596395
